库位,时间,状态,结果,1-CH01,1-CH02,1-CH03,1-CH04,1-CH05,1-CH06,1-CH07,1-CH08,1-CH09,1-CH10,1-CH11,1-CH12,1-CH13,1-CH14,1-CH15,1-CH16,
<L1-01-01>,08:29:47,OK,OK,PASS|5.335V|3.99A,PASS|5.341V|3.99A,PASS|5.335V|3.99A,PASS|5.332V|3.99A,PASS|5.265V|3.99A,PASS|5.266V|3.99A,PASS|5.234V|3.99A,PASS|5.316V|3.99A,PASS|5.346V|3.99A,PASS|5.326V|3.99A,PASS|5.333V|3.99A,PASS|5.326V|3.99A,PASS|5.316V|3.99A,PASS|5.309V|3.99A,PASS|5.305V|3.99A,PASS|5.348V|3.99A,
<L1-01-02>,08:29:47,OK,OK,PASS|5.443V|3.99A,PASS|5.492V|3.99A,PASS|5.464V|3.99A,PASS|5.441V|3.99A,PASS|5.430V|3.99A,PASS|5.351V|3.99A,PASS|5.355V|3.99A,PASS|5.347V|3.99A,PASS|5.480V|3.99A,PASS|5.476V|3.99A,PASS|5.363V|3.99A,PASS|5.383V|3.99A,PASS|5.374V|3.99A,PASS|5.337V|3.99A,PASS|5.344V|3.99A,PASS|5.369V|3.99A,
<L1-02-01>,08:31:42,OK,OK,PASS|5.319V|3.99A,PASS|5.328V|3.99A,PASS|5.307V|3.99A,PASS|5.304V|3.99A,PASS|5.238V|3.99A,PASS|5.261V|3.99A,PASS|5.230V|3.99A,PASS|5.342V|3.99A,PASS|5.337V|3.99A,PASS|5.291V|3.99A,PASS|5.291V|3.99A,PASS|5.274V|3.99A,PASS|5.293V|3.99A,PASS|5.289V|3.99A,PASS|5.302V|3.99A,PASS|5.278V|3.99A,
<L1-02-02>,08:31:42,OK,OK,PASS|5.350V|4.00A,PASS|5.402V|4.00A,PASS|5.366V|4.00A,PASS|5.360V|4.00A,PASS|5.383V|4.00A,PASS|5.359V|4.00A,PASS|5.359V|4.00A,PASS|5.355V|4.00A,PASS|5.467V|4.00A,PASS|5.381V|4.00A,PASS|5.341V|4.00A,PASS|5.308V|4.00A,PASS|5.317V|4.00A,PASS|5.323V|4.00A,PASS|5.299V|4.00A,PASS|5.339V|4.00A,
<L1-03-01>,08:33:33,OK,OK,PASS|5.296V|4.00A,PASS|5.250V|4.00A,PASS|5.260V|4.00A,PASS|5.260V|4.00A,PASS|5.207V|4.00A,PASS|5.240V|4.00A,PASS|5.207V|4.00A,PASS|5.298V|4.00A,PASS|5.295V|4.00A,PASS|5.246V|4.00A,PASS|5.269V|4.00A,PASS|5.274V|4.00A,PASS|5.246V|4.00A,PASS|5.265V|4.00A,PASS|5.271V|4.00A,PASS|5.261V|4.00A,
<L1-03-02>,08:33:33,OK,OK,PASS|5.298V|4.00A,PASS|5.265V|4.00A,PASS|5.340V|4.00A,PASS|5.286V|4.00A,PASS|5.306V|4.00A,PASS|5.274V|4.00A,PASS|5.313V|4.00A,PASS|5.284V|4.00A,PASS|5.353V|4.00A,PASS|5.273V|4.00A,PASS|5.267V|4.00A,PASS|5.297V|4.00A,PASS|5.267V|4.00A,PASS|5.317V|4.00A,PASS|5.284V|4.00A,PASS|5.319V|4.00A,
<L1-04-01>,08:35:25,OK,OK,PASS|5.317V|3.99A,PASS|5.330V|3.99A,PASS|5.296V|3.99A,PASS|5.289V|3.99A,PASS|5.312V|3.99A,PASS|5.371V|3.99A,PASS|5.270V|3.99A,PASS|5.323V|3.99A,PASS|5.266V|3.99A,PASS|5.272V|3.99A,PASS|5.276V|3.99A,PASS|5.344V|3.99A,PASS|5.307V|3.99A,PASS|5.316V|3.99A,PASS|5.310V|3.99A,PASS|5.341V|3.99A,
<L1-04-02>,08:35:25,OK,OK,PASS|5.336V|3.99A,PASS|5.527V|3.99A,PASS|5.341V|3.99A,PASS|5.347V|3.99A,PASS|5.340V|3.99A,PASS|5.324V|3.99A,PASS|5.272V|3.99A,PASS|5.354V|3.99A,PASS|5.409V|3.99A,PASS|5.339V|3.99A,PASS|5.327V|3.99A,PASS|5.288V|3.99A,PASS|5.325V|3.99A,PASS|5.334V|3.99A,PASS|5.292V|3.99A,PASS|5.323V|3.99A,
<L1-05-01>,08:37:17,OK,OK,PASS|5.268V|3.99A,PASS|5.204V|3.99A,PASS|5.214V|3.99A,PASS|5.241V|3.99A,PASS|5.208V|3.99A,PASS|5.231V|3.99A,PASS|5.156V|3.99A,PASS|5.281V|3.99A,PASS|5.226V|3.99A,PASS|5.260V|3.99A,PASS|5.255V|3.99A,PASS|5.218V|3.99A,PASS|5.224V|3.99A,PASS|5.256V|3.99A,PASS|5.218V|3.99A,PASS|5.238V|3.99A,
<L1-05-02>,08:37:17,OK,OK,PASS|5.261V|3.99A,PASS|5.282V|3.99A,PASS|5.259V|3.99A,PASS|5.237V|3.99A,PASS|5.256V|3.99A,PASS|5.187V|3.99A,PASS|5.211V|3.99A,PASS|5.238V|3.99A,PASS|5.315V|3.99A,PASS|5.252V|3.99A,PASS|5.258V|3.99A,PASS|5.225V|3.99A,PASS|5.238V|3.99A,PASS|5.226V|3.99A,PASS|5.253V|3.99A,PASS|5.244V|3.99A,
<L1-06-01>,08:39:09,OK,OK,PASS|5.246V|3.99A,PASS|5.186V|3.99A,PASS|5.241V|3.99A,PASS|5.232V|3.99A,PASS|5.171V|3.99A,PASS|5.229V|3.99A,PASS|5.183V|3.99A,PASS|5.236V|3.99A,PASS|5.198V|3.99A,PASS|5.208V|3.99A,PASS|5.228V|3.99A,PASS|5.236V|3.99A,PASS|5.214V|3.99A,PASS|5.236V|3.99A,PASS|5.198V|3.99A,PASS|5.222V|3.99A,
<L1-06-02>,08:39:09,OK,OK,PASS|5.219V|4.00A,PASS|5.318V|4.00A,PASS|5.337V|4.00A,PASS|5.301V|4.00A,PASS|5.312V|4.00A,PASS|5.253V|4.00A,PASS|5.285V|4.00A,PASS|5.322V|4.00A,PASS|5.350V|4.00A,PASS|5.271V|4.00A,PASS|5.271V|4.00A,PASS|5.259V|4.00A,PASS|5.247V|4.00A,PASS|5.251V|4.00A,PASS|5.252V|4.00A,PASS|5.277V|4.00A,
<L1-07-01>,08:41:01,OK,OK,PASS|5.221V|3.99A,PASS|5.181V|3.99A,PASS|5.224V|3.99A,PASS|5.182V|3.99A,PASS|5.127V|3.99A,PASS|5.321V|3.99A,PASS|5.167V|3.99A,PASS|5.275V|3.99A,PASS|5.190V|3.99A,PASS|5.236V|3.99A,PASS|5.174V|3.99A,PASS|5.240V|3.99A,PASS|5.206V|3.99A,PASS|5.227V|3.99A,PASS|5.170V|3.99A,PASS|5.184V|3.99A,
<L1-07-02>,08:41:01,OK,OK,PASS|5.171V|4.00A,PASS|5.203V|4.00A,PASS|5.181V|4.00A,PASS|5.117V|4.00A,PASS|5.207V|4.00A,PASS|5.165V|4.00A,PASS|5.162V|4.00A,PASS|5.166V|4.00A,PASS|5.226V|4.00A,PASS|5.181V|4.00A,PASS|5.195V|4.00A,PASS|5.163V|4.00A,PASS|5.166V|4.00A,PASS|5.121V|4.00A,PASS|5.145V|4.00A,PASS|5.178V|4.00A,
<L1-08-01>,08:42:53,OK,OK,PASS|5.258V|4.00A,PASS|5.169V|4.00A,PASS|5.208V|4.00A,PASS|5.200V|4.00A,PASS|5.122V|4.00A,PASS|5.243V|4.00A,PASS|5.157V|4.00A,PASS|5.207V|4.00A,PASS|5.182V|4.00A,PASS|5.201V|4.00A,PASS|5.196V|4.00A,PASS|5.186V|4.00A,PASS|5.151V|4.00A,PASS|5.212V|4.00A,PASS|5.226V|4.00A,PASS|5.205V|4.00A,
<L1-08-02>,08:42:53,OK,OK,PASS|5.188V|3.99A,PASS|5.246V|3.99A,PASS|5.206V|3.99A,PASS|5.149V|3.99A,PASS|5.231V|3.99A,PASS|5.138V|3.99A,PASS|5.185V|3.99A,PASS|5.153V|3.99A,PASS|5.237V|3.99A,PASS|5.154V|3.99A,PASS|5.222V|3.99A,PASS|5.189V|3.99A,PASS|5.172V|3.99A,PASS|5.161V|3.99A,PASS|5.170V|3.99A,PASS|5.167V|3.99A,
<L1-09-01>,08:44:58,OK,OK,PASS|5.127V|4.00A,PASS|5.096V|4.00A,PASS|5.127V|4.00A,PASS|5.123V|4.00A,PASS|5.054V|4.00A,PASS|5.119V|4.00A,PASS|5.074V|4.00A,PASS|5.128V|4.00A,PASS|5.096V|4.00A,PASS|5.113V|4.00A,PASS|5.100V|4.00A,PASS|5.088V|4.00A,PASS|5.068V|4.00A,PASS|5.095V|4.00A,PASS|5.097V|4.00A,PASS|5.097V|4.00A,
<L1-09-02>,08:44:58,OK,OK,PASS|5.115V|3.99A,PASS|5.207V|3.99A,PASS|5.178V|3.99A,PASS|5.141V|3.99A,PASS|5.173V|3.99A,PASS|5.107V|3.99A,PASS|5.151V|3.99A,PASS|5.128V|3.99A,PASS|5.231V|3.99A,PASS|5.139V|3.99A,PASS|5.121V|3.99A,PASS|5.107V|3.99A,PASS|5.118V|3.99A,PASS|5.120V|3.99A,PASS|5.095V|3.99A,PASS|5.135V|3.99A,
<L1-10-01>,08:46:44,OK,OK,PASS|5.107V|4.00A,PASS|5.111V|4.00A,PASS|5.142V|4.00A,PASS|5.142V|4.00A,PASS|5.073V|4.00A,PASS|5.176V|4.00A,PASS|5.087V|4.00A,PASS|5.163V|4.00A,PASS|5.082V|4.00A,PASS|5.136V|4.00A,PASS|5.102V|4.00A,PASS|5.127V|4.00A,PASS|5.078V|4.00A,PASS|5.140V|4.00A,PASS|5.137V|4.00A,PASS|5.106V|4.00A,
<L1-10-02>,08:46:44,OK,OK,PASS|5.074V|3.99A,PASS|5.134V|3.99A,PASS|5.109V|3.99A,PASS|5.137V|3.99A,PASS|5.100V|3.99A,PASS|5.077V|3.99A,PASS|5.098V|3.99A,PASS|5.063V|3.99A,PASS|5.142V|3.99A,PASS|5.101V|3.99A,PASS|5.084V|3.99A,PASS|5.102V|3.99A,PASS|5.057V|3.99A,PASS|5.083V|3.99A,PASS|5.085V|3.99A,PASS|5.089V|3.99A,
<L2-01-01>,08:48:55,OK,OK,PASS|5.201V|4.00A,PASS|5.213V|4.00A,PASS|5.202V|4.00A,PASS|5.224V|4.00A,PASS|5.151V|4.00A,PASS|5.140V|4.00A,PASS|5.149V|4.00A,PASS|5.222V|4.00A,PASS|5.212V|4.00A,PASS|5.225V|4.00A,PASS|5.203V|4.00A,PASS|5.186V|4.00A,PASS|5.213V|4.00A,PASS|5.240V|4.00A,PASS|5.175V|4.00A,PASS|5.182V|4.00A,
<L2-01-02>,08:48:55,OK,OK,PASS|5.169V|4.00A,PASS|5.226V|4.00A,PASS|5.215V|4.00A,PASS|5.171V|4.00A,PASS|5.237V|4.00A,PASS|5.164V|4.00A,PASS|5.155V|4.00A,PASS|5.185V|4.00A,PASS|5.309V|4.00A,PASS|5.198V|4.00A,PASS|5.177V|4.00A,PASS|5.198V|4.00A,PASS|5.160V|4.00A,PASS|5.193V|4.00A,PASS|5.151V|4.00A,PASS|5.182V|4.00A,
<L2-02-01>,08:50:41,OK,OK,PASS|5.216V|3.99A,PASS|5.208V|3.99A,PASS|5.195V|3.99A,PASS|5.130V|3.99A,PASS|5.123V|3.99A,PASS|5.207V|3.99A,PASS|5.141V|3.99A,PASS|5.247V|3.99A,PASS|5.218V|3.99A,PASS|5.233V|3.99A,PASS|5.174V|3.99A,PASS|5.253V|3.99A,PASS|5.173V|3.99A,PASS|5.280V|3.99A,PASS|5.135V|3.99A,PASS|5.192V|3.99A,
<L2-02-02>,08:50:41,OK,OK,PASS|5.213V|3.99A,PASS|5.277V|3.99A,PASS|5.234V|3.99A,PASS|5.202V|3.99A,PASS|5.222V|3.99A,PASS|5.161V|3.99A,PASS|5.196V|3.99A,PASS|5.141V|3.99A,PASS|5.269V|3.99A,PASS|5.213V|3.99A,PASS|5.192V|3.99A,PASS|5.171V|3.99A,PASS|5.142V|3.99A,PASS|5.179V|3.99A,PASS|5.157V|3.99A,PASS|5.199V|3.99A,
<L2-03-01>,08:52:27,OK,OK,PASS|5.145V|4.00A,PASS|5.104V|4.00A,PASS|5.162V|4.00A,PASS|5.146V|4.00A,PASS|5.143V|4.00A,PASS|5.188V|4.00A,PASS|5.123V|4.00A,PASS|5.135V|4.00A,PASS|5.119V|4.00A,PASS|5.176V|4.00A,PASS|5.146V|4.00A,PASS|5.161V|4.00A,PASS|5.138V|4.00A,PASS|5.206V|4.00A,PASS|5.148V|4.00A,PASS|5.196V|4.00A,
<L2-03-02>,08:52:27,OK,OK,PASS|5.179V|3.99A,PASS|5.250V|3.99A,PASS|5.201V|3.99A,PASS|5.158V|3.99A,PASS|5.184V|3.99A,PASS|5.114V|3.99A,PASS|5.157V|3.99A,PASS|5.150V|3.99A,PASS|5.238V|3.99A,PASS|5.157V|3.99A,PASS|5.154V|3.99A,PASS|5.104V|3.99A,PASS|5.131V|3.99A,PASS|5.162V|3.99A,PASS|5.131V|3.99A,PASS|5.195V|3.99A,
<L2-04-01>,08:54:12,OK,OK,PASS|5.152V|3.99A,PASS|5.119V|3.99A,PASS|5.174V|3.99A,PASS|5.130V|3.99A,PASS|5.104V|3.99A,PASS|5.137V|3.99A,PASS|5.136V|3.99A,PASS|5.166V|3.99A,PASS|5.117V|3.99A,PASS|5.152V|3.99A,PASS|5.132V|3.99A,PASS|5.156V|3.99A,PASS|5.129V|3.99A,PASS|5.202V|3.99A,PASS|5.167V|3.99A,PASS|5.166V|3.99A,
<L2-04-02>,08:54:12,OK,OK,PASS|5.247V|3.99A,PASS|5.253V|3.99A,PASS|5.225V|3.99A,PASS|5.259V|3.99A,PASS|5.216V|3.99A,PASS|5.172V|3.99A,PASS|5.178V|3.99A,PASS|5.245V|3.99A,PASS|5.259V|3.99A,PASS|5.286V|3.99A,PASS|5.181V|3.99A,PASS|5.175V|3.99A,PASS|5.159V|3.99A,PASS|5.168V|3.99A,PASS|5.175V|3.99A,PASS|5.203V|3.99A,
<L2-05-01>,08:55:58,OK,NG,PASS|5.134V|3.99A,PASS|5.141V|3.99A,PASS|5.164V|3.99A,PASS|5.143V|3.99A,FAIL|0.000V|0.00A,PASS|5.234V|3.99A,PASS|5.126V|3.99A,PASS|5.176V|3.99A,PASS|5.179V|3.99A,PASS|5.245V|3.99A,PASS|5.145V|3.99A,PASS|5.169V|3.99A,PASS|5.162V|3.99A,PASS|5.235V|3.99A,PASS|5.154V|3.99A,PASS|5.164V|3.99A,
<L2-05-02>,08:55:58,OK,OK,PASS|5.149V|3.99A,PASS|5.170V|3.99A,PASS|5.141V|3.99A,PASS|5.121V|3.99A,PASS|5.117V|3.99A,PASS|5.065V|3.99A,PASS|5.115V|3.99A,PASS|5.120V|3.99A,PASS|5.178V|3.99A,PASS|5.114V|3.99A,PASS|5.080V|3.99A,PASS|5.132V|3.99A,PASS|5.139V|3.99A,PASS|5.121V|3.99A,PASS|5.120V|3.99A,PASS|5.157V|3.99A,
<L2-05-01>,09:01:30,OK,OK,PASS|5.110V|3.99A,PASS|5.116V|3.99A,PASS|5.152V|3.99A,PASS|5.165V|3.99A,PASS|5.049V|3.99A,PASS|5.233V|3.99A,PASS|5.129V|3.99A,PASS|5.145V|3.99A,PASS|5.164V|3.99A,PASS|5.261V|3.99A,PASS|5.143V|3.99A,PASS|5.150V|3.99A,PASS|5.122V|3.99A,PASS|5.211V|3.99A,PASS|5.132V|3.99A,PASS|5.148V|3.99A,
<L2-05-02>,09:01:30,OK,OK,PASS|5.113V|3.99A,PASS|5.152V|3.99A,PASS|5.136V|3.99A,PASS|5.112V|3.99A,PASS|5.132V|3.99A,PASS|5.083V|3.99A,PASS|5.108V|3.99A,PASS|5.108V|3.99A,PASS|5.219V|3.99A,PASS|5.139V|3.99A,PASS|5.094V|3.99A,PASS|5.111V|3.99A,PASS|5.134V|3.99A,PASS|5.134V|3.99A,PASS|5.131V|3.99A,PASS|5.171V|3.99A,
<L2-06-01>,09:03:30,OK,OK,PASS|5.112V|3.99A,PASS|5.092V|3.99A,PASS|5.131V|3.99A,PASS|5.115V|3.99A,PASS|5.076V|3.99A,PASS|5.122V|3.99A,PASS|5.098V|3.99A,PASS|5.134V|3.99A,PASS|5.087V|3.99A,PASS|5.140V|3.99A,PASS|5.129V|3.99A,PASS|5.144V|3.99A,PASS|5.099V|3.99A,PASS|5.124V|3.99A,PASS|5.105V|3.99A,PASS|5.112V|3.99A,
<L2-06-02>,09:03:30,OK,OK,PASS|5.174V|3.99A,PASS|5.238V|3.99A,PASS|5.170V|3.99A,PASS|5.169V|3.99A,PASS|5.190V|3.99A,PASS|5.119V|3.99A,PASS|5.151V|3.99A,PASS|5.120V|3.99A,PASS|5.208V|3.99A,PASS|5.130V|3.99A,PASS|5.146V|3.99A,PASS|5.122V|3.99A,PASS|5.105V|3.99A,PASS|5.121V|3.99A,PASS|5.124V|3.99A,PASS|5.136V|3.99A,
<L2-07-01>,09:05:29,OK,OK,PASS|5.050V|4.00A,PASS|5.051V|4.00A,PASS|5.108V|4.00A,PASS|5.090V|4.00A,PASS|5.041V|4.00A,PASS|5.089V|4.00A,PASS|5.062V|4.00A,PASS|5.056V|4.00A,PASS|5.075V|4.00A,PASS|5.074V|4.00A,PASS|5.070V|4.00A,PASS|5.100V|4.00A,PASS|5.060V|4.00A,PASS|5.054V|4.00A,PASS|5.073V|4.00A,PASS|5.103V|4.00A,
<L2-07-02>,09:05:29,OK,OK,PASS|5.061V|3.99A,PASS|5.095V|3.99A,PASS|5.124V|3.99A,PASS|5.054V|3.99A,PASS|5.065V|3.99A,PASS|5.051V|3.99A,PASS|5.074V|3.99A,PASS|5.056V|3.99A,PASS|5.136V|3.99A,PASS|5.051V|3.99A,PASS|5.096V|3.99A,PASS|5.065V|3.99A,PASS|5.077V|3.99A,PASS|5.085V|3.99A,PASS|5.061V|3.99A,PASS|5.102V|3.99A,
<L2-08-01>,09:07:27,OK,OK,PASS|4.997V|3.99A,PASS|5.061V|3.99A,PASS|5.108V|3.99A,PASS|5.118V|3.99A,PASS|4.908V|3.99A,PASS|5.204V|3.99A,PASS|5.066V|3.99A,PASS|5.109V|3.99A,PASS|5.070V|3.99A,PASS|5.138V|3.99A,PASS|5.072V|3.99A,PASS|5.097V|3.99A,PASS|5.050V|3.99A,PASS|5.172V|3.99A,PASS|5.055V|3.99A,PASS|5.042V|3.99A,
<L2-08-02>,09:07:27,OK,OK,PASS|5.055V|3.99A,PASS|5.139V|3.99A,PASS|5.113V|3.99A,PASS|5.093V|3.99A,PASS|5.121V|3.99A,PASS|5.044V|3.99A,PASS|5.084V|3.99A,PASS|5.045V|3.99A,PASS|5.127V|3.99A,PASS|5.164V|3.99A,PASS|5.091V|3.99A,PASS|5.104V|3.99A,PASS|5.025V|3.99A,PASS|5.084V|3.99A,PASS|5.039V|3.99A,PASS|5.110V|3.99A,
<L2-09-01>,09:09:33,OK,OK,PASS|5.043V|4.00A,PASS|5.063V|4.00A,PASS|5.101V|4.00A,PASS|5.105V|4.00A,PASS|5.015V|4.00A,PASS|5.183V|4.00A,PASS|5.077V|4.00A,PASS|5.115V|4.00A,PASS|5.165V|4.00A,PASS|5.201V|4.00A,PASS|5.138V|4.00A,PASS|5.117V|4.00A,PASS|5.073V|4.00A,PASS|5.187V|4.00A,PASS|5.165V|4.00A,PASS|5.105V|4.00A,
<L2-09-02>,09:09:33,OK,OK,PASS|5.066V|3.99A,PASS|5.109V|3.99A,PASS|5.082V|3.99A,PASS|5.064V|3.99A,PASS|5.092V|3.99A,PASS|5.058V|3.99A,PASS|5.107V|3.99A,PASS|5.032V|3.99A,PASS|5.102V|3.99A,PASS|5.066V|3.99A,PASS|5.075V|3.99A,PASS|5.055V|3.99A,PASS|5.049V|3.99A,PASS|5.081V|3.99A,PASS|5.054V|3.99A,PASS|5.076V|3.99A,
<L2-10-01>,09:10:56,OK,OK,PASS|5.024V|3.99A,PASS|5.056V|3.99A,PASS|5.103V|3.99A,PASS|5.084V|3.99A,PASS|5.015V|3.99A,PASS|5.197V|3.99A,PASS|5.083V|3.99A,PASS|5.111V|3.99A,PASS|5.057V|3.99A,PASS|5.122V|3.99A,PASS|5.086V|3.99A,PASS|5.105V|3.99A,PASS|5.053V|3.99A,PASS|5.094V|3.99A,PASS|5.108V|3.99A,PASS|5.056V|3.99A,
<L2-10-02>,09:10:56,OK,OK,PASS|5.039V|3.99A,PASS|5.112V|3.99A,PASS|5.066V|3.99A,PASS|5.060V|3.99A,PASS|5.060V|3.99A,PASS|5.035V|3.99A,PASS|5.056V|3.99A,PASS|5.043V|3.99A,PASS|5.084V|3.99A,PASS|5.059V|3.99A,PASS|5.057V|3.99A,PASS|5.053V|3.99A,PASS|5.031V|3.99A,PASS|5.048V|3.99A,PASS|5.036V|3.99A,PASS|5.036V|3.99A,
<L3-01-01>,09:12:42,OK,OK,PASS|5.024V|3.99A,PASS|5.030V|3.99A,PASS|5.069V|3.99A,PASS|5.037V|3.99A,PASS|5.009V|3.99A,PASS|5.063V|3.99A,PASS|5.051V|3.99A,PASS|5.066V|3.99A,PASS|5.019V|3.99A,PASS|5.068V|3.99A,PASS|5.063V|3.99A,PASS|5.071V|3.99A,PASS|5.036V|3.99A,PASS|5.075V|3.99A,PASS|5.054V|3.99A,PASS|5.062V|3.99A,
<L3-01-02>,09:12:42,OK,OK,PASS|5.048V|3.99A,PASS|5.065V|3.99A,PASS|5.054V|3.99A,PASS|5.059V|3.99A,PASS|5.036V|3.99A,PASS|5.046V|3.99A,PASS|5.059V|3.99A,PASS|5.023V|3.99A,PASS|5.060V|3.99A,PASS|5.027V|3.99A,PASS|5.005V|3.99A,PASS|5.030V|3.99A,PASS|5.035V|3.99A,PASS|5.042V|3.99A,PASS|5.017V|3.99A,PASS|5.041V|3.99A,
<L3-02-01>,09:14:08,OK,OK,PASS|5.019V|3.99A,PASS|5.069V|3.99A,PASS|5.082V|3.99A,PASS|5.050V|3.99A,PASS|4.991V|3.99A,PASS|5.082V|3.99A,PASS|5.095V|3.99A,PASS|5.072V|3.99A,PASS|5.013V|3.99A,PASS|5.058V|3.99A,PASS|5.053V|3.99A,PASS|5.088V|3.99A,PASS|5.046V|3.99A,PASS|5.083V|3.99A,PASS|5.073V|3.99A,PASS|5.057V|3.99A,
<L3-02-02>,09:14:08,OK,OK,PASS|5.076V|3.99A,PASS|5.131V|3.99A,PASS|5.082V|3.99A,PASS|5.069V|3.99A,PASS|5.118V|3.99A,PASS|5.028V|3.99A,PASS|5.099V|3.99A,PASS|5.063V|3.99A,PASS|5.135V|3.99A,PASS|5.092V|3.99A,PASS|5.080V|3.99A,PASS|5.093V|3.99A,PASS|5.029V|3.99A,PASS|5.076V|3.99A,PASS|5.033V|3.99A,PASS|5.036V|3.99A,
<L3-04-01>,09:15:34,OK,OK,PASS|5.028V|3.99A,PASS|5.061V|3.99A,PASS|5.066V|3.99A,PASS|5.085V|3.99A,PASS|5.008V|3.99A,PASS|5.084V|3.99A,PASS|5.054V|3.99A,PASS|5.054V|3.99A,PASS|5.033V|3.99A,PASS|5.101V|3.99A,PASS|5.075V|3.99A,PASS|5.088V|3.99A,PASS|5.034V|3.99A,PASS|5.096V|3.99A,PASS|5.095V|3.99A,PASS|5.045V|3.99A,
<L3-04-02>,09:15:34,OK,OK,PASS|5.123V|4.00A,PASS|5.186V|4.00A,PASS|5.153V|4.00A,PASS|5.087V|4.00A,PASS|5.147V|4.00A,PASS|5.075V|4.00A,PASS|5.136V|4.00A,PASS|5.141V|4.00A,PASS|5.134V|4.00A,PASS|5.118V|4.00A,PASS|5.083V|4.00A,PASS|5.115V|4.00A,PASS|5.058V|4.00A,PASS|5.079V|4.00A,PASS|5.061V|4.00A,PASS|5.083V|4.00A,
<L3-05-01>,09:16:54,OK,OK,PASS|5.024V|3.99A,PASS|5.084V|3.99A,PASS|5.095V|3.99A,PASS|5.144V|3.99A,PASS|5.021V|3.99A,PASS|5.182V|3.99A,PASS|5.069V|3.99A,PASS|5.109V|3.99A,PASS|5.106V|3.99A,PASS|5.196V|3.99A,PASS|5.130V|3.99A,PASS|5.111V|3.99A,PASS|5.083V|3.99A,PASS|5.107V|3.99A,PASS|5.085V|3.99A,PASS|5.101V|3.99A,
<L3-05-02>,09:16:54,OK,OK,PASS|5.096V|3.99A,PASS|5.202V|3.99A,PASS|5.134V|3.99A,PASS|5.153V|3.99A,PASS|5.134V|3.99A,PASS|5.048V|3.99A,PASS|5.090V|3.99A,PASS|5.058V|3.99A,PASS|5.117V|3.99A,PASS|5.082V|3.99A,PASS|5.086V|3.99A,PASS|5.096V|3.99A,PASS|5.038V|3.99A,PASS|5.094V|3.99A,PASS|5.037V|3.99A,PASS|5.075V|3.99A,
<L3-06-01>,09:18:13,OK,OK,PASS|5.177V|3.99A,PASS|5.172V|3.99A,PASS|5.217V|3.99A,PASS|5.199V|3.99A,PASS|5.230V|3.99A,PASS|5.218V|3.99A,PASS|5.172V|3.99A,PASS|5.174V|3.99A,PASS|5.207V|3.99A,PASS|5.219V|3.99A,PASS|5.193V|3.99A,PASS|5.218V|3.99A,PASS|5.230V|3.99A,PASS|5.219V|3.99A,PASS|5.190V|3.99A,PASS|5.168V|3.99A,
<L3-06-02>,09:18:13,OK,NG,FAIL|5.097V|0.00A,FAIL|5.106V|0.00A,FAIL|5.074V|0.00A,FAIL|5.071V|0.00A,FAIL|5.108V|0.00A,FAIL|5.051V|0.00A,FAIL|5.089V|0.00A,FAIL|5.054V|0.00A,FAIL|5.128V|0.00A,FAIL|5.080V|0.00A,FAIL|5.098V|0.00A,FAIL|5.056V|0.00A,FAIL|5.027V|0.00A,FAIL|5.072V|0.00A,FAIL|5.026V|0.00A,FAIL|5.077V|0.00A,
<L3-07-01>,09:19:48,OK,OK,PASS|5.036V|4.00A,PASS|5.072V|4.00A,PASS|5.078V|4.00A,PASS|5.059V|4.00A,PASS|5.015V|4.00A,PASS|5.154V|4.00A,PASS|5.074V|4.00A,PASS|5.092V|4.00A,PASS|5.054V|4.00A,PASS|5.085V|4.00A,PASS|5.074V|4.00A,PASS|5.064V|4.00A,PASS|5.043V|4.00A,PASS|5.081V|4.00A,PASS|5.077V|4.00A,PASS|5.033V|4.00A,
<L3-07-02>,09:19:48,OK,OK,PASS|5.042V|3.99A,PASS|5.098V|3.99A,PASS|5.099V|3.99A,PASS|5.045V|3.99A,PASS|5.109V|3.99A,PASS|5.037V|3.99A,PASS|5.038V|3.99A,PASS|5.029V|3.99A,PASS|5.087V|3.99A,PASS|5.046V|3.99A,PASS|5.043V|3.99A,PASS|5.076V|3.99A,PASS|5.031V|3.99A,PASS|5.070V|3.99A,PASS|5.030V|3.99A,PASS|5.056V|3.99A,
<L3-07-01>,09:23:30,OK,OK,PASS|5.027V|4.00A,PASS|5.076V|4.00A,PASS|5.103V|4.00A,PASS|5.061V|4.00A,PASS|5.018V|4.00A,PASS|5.191V|4.00A,PASS|5.074V|4.00A,PASS|5.089V|4.00A,PASS|5.076V|4.00A,PASS|5.176V|4.00A,PASS|5.068V|4.00A,PASS|5.092V|4.00A,PASS|5.046V|4.00A,PASS|5.097V|4.00A,PASS|5.066V|4.00A,PASS|5.039V|4.00A,
<L3-07-02>,09:23:30,OK,OK,PASS|5.037V|3.99A,PASS|5.110V|3.99A,PASS|5.098V|3.99A,PASS|5.044V|3.99A,PASS|5.074V|3.99A,PASS|5.046V|3.99A,PASS|5.048V|3.99A,PASS|5.037V|3.99A,PASS|5.072V|3.99A,PASS|5.089V|3.99A,PASS|5.095V|3.99A,PASS|5.032V|3.99A,PASS|5.038V|3.99A,PASS|5.067V|3.99A,PASS|5.026V|3.99A,PASS|5.056V|3.99A,
<L3-08-01>,09:33:38,OK,OK,PASS|5.011V|3.99A,PASS|5.093V|3.99A,PASS|5.120V|3.99A,PASS|5.092V|3.99A,PASS|5.048V|3.99A,PASS|5.188V|3.99A,PASS|5.110V|3.99A,PASS|5.122V|3.99A,PASS|5.077V|3.99A,PASS|5.209V|3.99A,PASS|5.083V|3.99A,PASS|5.116V|3.99A,PASS|5.067V|3.99A,PASS|5.107V|3.99A,PASS|5.083V|3.99A,PASS|5.062V|3.99A,
<L3-08-02>,09:33:38,OK,OK,PASS|5.135V|3.99A,PASS|5.244V|3.99A,PASS|5.128V|3.99A,PASS|5.155V|3.99A,PASS|5.139V|3.99A,PASS|5.073V|3.99A,PASS|5.119V|3.99A,PASS|5.141V|3.99A,PASS|5.145V|3.99A,PASS|5.151V|3.99A,PASS|5.106V|3.99A,PASS|5.130V|3.99A,PASS|5.054V|3.99A,PASS|5.106V|3.99A,PASS|5.087V|3.99A,PASS|5.098V|3.99A,
<L3-09-01>,09:34:57,OK,OK,PASS|5.033V|3.99A,PASS|5.062V|3.99A,PASS|5.078V|3.99A,PASS|5.084V|3.99A,PASS|5.017V|3.99A,PASS|5.113V|3.99A,PASS|5.093V|3.99A,PASS|5.080V|3.99A,PASS|5.058V|3.99A,PASS|5.057V|3.99A,PASS|5.044V|3.99A,PASS|5.055V|3.99A,PASS|5.032V|3.99A,PASS|5.097V|3.99A,PASS|5.053V|3.99A,PASS|5.094V|3.99A,
<L3-09-02>,09:34:57,OK,OK,PASS|5.080V|3.99A,PASS|5.126V|3.99A,PASS|5.100V|3.99A,PASS|5.091V|3.99A,PASS|5.096V|3.99A,PASS|5.087V|3.99A,PASS|5.090V|3.99A,PASS|5.048V|3.99A,PASS|5.148V|3.99A,PASS|5.055V|3.99A,PASS|5.077V|3.99A,PASS|5.043V|3.99A,PASS|5.030V|3.99A,PASS|5.086V|3.99A,PASS|5.038V|3.99A,PASS|5.083V|3.99A,
<L3-10-01>,09:36:16,OK,OK,PASS|5.024V|4.00A,PASS|5.062V|4.00A,PASS|5.077V|4.00A,PASS|5.058V|4.00A,PASS|5.022V|4.00A,PASS|5.152V|4.00A,PASS|5.084V|4.00A,PASS|5.075V|4.00A,PASS|5.088V|4.00A,PASS|5.084V|4.00A,PASS|5.031V|4.00A,PASS|5.110V|4.00A,PASS|5.057V|4.00A,PASS|5.104V|4.00A,PASS|5.094V|4.00A,PASS|5.096V|4.00A,
<L3-10-02>,09:36:16,OK,OK,PASS|5.064V|4.00A,PASS|5.113V|4.00A,PASS|5.071V|4.00A,PASS|5.072V|4.00A,PASS|5.100V|4.00A,PASS|5.067V|4.00A,PASS|5.098V|4.00A,PASS|5.054V|4.00A,PASS|5.131V|4.00A,PASS|5.050V|4.00A,PASS|5.047V|4.00A,PASS|5.070V|4.00A,PASS|5.043V|4.00A,PASS|5.078V|4.00A,PASS|5.031V|4.00A,PASS|5.084V|4.00A,
<L4-01-01>,09:38:02,OK,OK,PASS|5.045V|3.99A,PASS|5.047V|3.99A,PASS|5.072V|3.99A,PASS|5.071V|3.99A,PASS|5.007V|3.99A,PASS|5.091V|3.99A,PASS|5.031V|3.99A,PASS|5.068V|3.99A,PASS|5.046V|3.99A,PASS|5.089V|3.99A,PASS|5.041V|3.99A,PASS|5.085V|3.99A,PASS|5.052V|3.99A,PASS|5.057V|3.99A,PASS|5.051V|3.99A,PASS|5.074V|3.99A,
<L4-01-02>,09:38:02,OK,OK,PASS|5.104V|3.99A,PASS|5.138V|3.99A,PASS|5.126V|3.99A,PASS|5.100V|3.99A,PASS|5.060V|3.99A,PASS|5.066V|3.99A,PASS|5.071V|3.99A,PASS|5.057V|3.99A,PASS|5.140V|3.99A,PASS|5.110V|3.99A,PASS|5.104V|3.99A,PASS|5.102V|3.99A,PASS|5.072V|3.99A,PASS|5.064V|3.99A,PASS|5.021V|3.99A,PASS|5.068V|3.99A,
<L4-02-01>,09:39:21,OK,NG,FAIL|5.164V|0.00A,FAIL|5.095V|0.00A,FAIL|5.107V|0.00A,FAIL|5.136V|0.00A,FAIL|5.106V|0.00A,FAIL|5.192V|0.00A,FAIL|5.105V|0.00A,FAIL|5.105V|0.00A,FAIL|5.190V|0.00A,FAIL|5.223V|0.00A,FAIL|5.180V|0.00A,FAIL|5.202V|0.00A,FAIL|5.235V|0.00A,FAIL|5.236V|0.00A,FAIL|5.221V|0.00A,FAIL|5.166V|0.00A,
<L4-02-02>,09:39:21,OK,NG,FAIL|5.189V|0.00A,FAIL|5.243V|0.00A,FAIL|5.158V|0.00A,FAIL|5.157V|0.00A,FAIL|5.156V|0.00A,FAIL|5.114V|0.00A,FAIL|5.171V|0.00A,FAIL|5.196V|0.00A,FAIL|5.145V|0.00A,FAIL|5.211V|0.00A,FAIL|5.099V|0.00A,FAIL|5.160V|0.00A,FAIL|5.177V|0.00A,FAIL|5.212V|0.00A,FAIL|5.199V|0.00A,FAIL|5.211V|0.00A,
<L4-03-01>,09:40:41,OK,OK,PASS|5.044V|4.00A,PASS|5.060V|4.00A,PASS|5.050V|4.00A,PASS|5.042V|4.00A,PASS|5.003V|4.00A,PASS|5.104V|4.00A,PASS|5.051V|4.00A,PASS|5.040V|4.00A,PASS|5.061V|4.00A,PASS|5.050V|4.00A,PASS|5.063V|4.00A,PASS|5.059V|4.00A,PASS|5.058V|4.00A,PASS|5.079V|4.00A,PASS|5.048V|4.00A,PASS|5.021V|4.00A,
<L4-03-02>,09:40:41,OK,OK,PASS|5.082V|4.00A,PASS|5.136V|4.00A,PASS|5.104V|4.00A,PASS|5.112V|4.00A,PASS|5.116V|4.00A,PASS|5.048V|4.00A,PASS|5.059V|4.00A,PASS|5.023V|4.00A,PASS|5.152V|4.00A,PASS|5.067V|4.00A,PASS|5.076V|4.00A,PASS|5.081V|4.00A,PASS|5.047V|4.00A,PASS|5.074V|4.00A,PASS|5.041V|4.00A,PASS|5.094V|4.00A,
<L4-04-01>,09:42:00,OK,OK,PASS|5.056V|4.00A,PASS|5.065V|4.00A,PASS|5.059V|4.00A,PASS|5.070V|4.00A,PASS|5.010V|4.00A,PASS|5.151V|4.00A,PASS|5.089V|4.00A,PASS|5.081V|4.00A,PASS|5.017V|4.00A,PASS|5.088V|4.00A,PASS|5.054V|4.00A,PASS|5.112V|4.00A,PASS|5.008V|4.00A,PASS|5.079V|4.00A,PASS|5.046V|4.00A,PASS|5.049V|4.00A,
<L4-04-02>,09:42:00,OK,OK,PASS|5.061V|3.99A,PASS|5.109V|3.99A,PASS|5.105V|3.99A,PASS|5.097V|3.99A,PASS|5.107V|3.99A,PASS|5.072V|3.99A,PASS|5.100V|3.99A,PASS|5.038V|3.99A,PASS|5.116V|3.99A,PASS|5.077V|3.99A,PASS|5.086V|3.99A,PASS|5.084V|3.99A,PASS|5.046V|3.99A,PASS|5.083V|3.99A,PASS|5.048V|3.99A,PASS|5.068V|3.99A,
<L4-05-01>,09:43:20,OK,OK,PASS|5.061V|4.00A,PASS|5.091V|4.00A,PASS|5.118V|4.00A,PASS|5.109V|4.00A,PASS|5.023V|4.00A,PASS|5.207V|4.00A,PASS|5.079V|4.00A,PASS|5.067V|4.00A,PASS|5.032V|4.00A,PASS|5.181V|4.00A,PASS|5.077V|4.00A,PASS|5.091V|4.00A,PASS|5.015V|4.00A,PASS|5.101V|4.00A,PASS|5.074V|4.00A,PASS|5.088V|4.00A,
<L4-05-02>,09:43:20,OK,OK,PASS|5.073V|3.99A,PASS|5.114V|3.99A,PASS|5.065V|3.99A,PASS|5.111V|3.99A,PASS|5.127V|3.99A,PASS|5.099V|3.99A,PASS|5.068V|3.99A,PASS|5.038V|3.99A,PASS|5.123V|3.99A,PASS|5.080V|3.99A,PASS|5.092V|3.99A,PASS|5.047V|3.99A,PASS|5.037V|3.99A,PASS|5.066V|3.99A,PASS|5.039V|3.99A,PASS|5.050V|3.99A,
<L4-06-01>,09:44:39,OK,OK,PASS|5.047V|3.99A,PASS|5.081V|3.99A,PASS|5.102V|3.99A,PASS|5.061V|3.99A,PASS|5.026V|3.99A,PASS|5.214V|3.99A,PASS|5.105V|3.99A,PASS|5.084V|3.99A,PASS|5.106V|3.99A,PASS|5.207V|3.99A,PASS|5.112V|3.99A,PASS|5.105V|3.99A,PASS|5.060V|3.99A,PASS|5.109V|3.99A,PASS|5.112V|3.99A,PASS|5.086V|3.99A,
<L4-06-02>,09:44:39,OK,OK,PASS|5.060V|4.00A,PASS|5.082V|4.00A,PASS|5.038V|4.00A,PASS|5.084V|4.00A,PASS|5.070V|4.00A,PASS|5.046V|4.00A,PASS|5.051V|4.00A,PASS|5.039V|4.00A,PASS|5.083V|4.00A,PASS|5.077V|4.00A,PASS|5.036V|4.00A,PASS|5.061V|4.00A,PASS|5.043V|4.00A,PASS|5.053V|4.00A,PASS|5.000V|4.00A,PASS|5.068V|4.00A,
<L4-07-01>,09:45:59,OK,OK,PASS|5.054V|3.99A,PASS|5.090V|3.99A,PASS|5.052V|3.99A,PASS|5.044V|3.99A,PASS|5.002V|3.99A,PASS|5.164V|3.99A,PASS|5.071V|3.99A,PASS|5.072V|3.99A,PASS|5.051V|3.99A,PASS|5.099V|3.99A,PASS|5.061V|3.99A,PASS|5.083V|3.99A,PASS|5.035V|3.99A,PASS|5.091V|3.99A,PASS|5.060V|3.99A,PASS|5.085V|3.99A,
<L4-07-02>,09:45:59,OK,OK,PASS|5.050V|3.99A,PASS|5.138V|3.99A,PASS|5.107V|3.99A,PASS|5.047V|3.99A,PASS|5.098V|3.99A,PASS|5.041V|3.99A,PASS|5.091V|3.99A,PASS|5.055V|3.99A,PASS|5.125V|3.99A,PASS|5.099V|3.99A,PASS|5.037V|3.99A,PASS|5.073V|3.99A,PASS|5.024V|3.99A,PASS|5.033V|3.99A,PASS|5.035V|3.99A,PASS|5.062V|3.99A,
<L4-08-01>,09:47:19,OK,OK,PASS|5.031V|3.99A,PASS|5.063V|3.99A,PASS|5.088V|3.99A,PASS|5.072V|3.99A,PASS|5.031V|3.99A,PASS|5.215V|3.99A,PASS|5.093V|3.99A,PASS|5.074V|3.99A,PASS|5.037V|3.99A,PASS|5.126V|3.99A,PASS|5.086V|3.99A,PASS|5.101V|3.99A,PASS|5.050V|3.99A,PASS|5.092V|3.99A,PASS|5.090V|3.99A,PASS|5.071V|3.99A,
<L4-08-02>,09:47:19,OK,OK,PASS|5.097V|4.00A,PASS|5.201V|4.00A,PASS|5.119V|4.00A,PASS|5.125V|4.00A,PASS|5.136V|4.00A,PASS|5.098V|4.00A,PASS|5.061V|4.00A,PASS|5.075V|4.00A,PASS|5.149V|4.00A,PASS|5.104V|4.00A,PASS|5.086V|4.00A,PASS|5.114V|4.00A,PASS|5.042V|4.00A,PASS|5.085V|4.00A,PASS|5.027V|4.00A,PASS|5.099V|4.00A,
<L4-09-01>,09:48:38,OK,OK,PASS|5.021V|3.99A,PASS|5.051V|3.99A,PASS|5.048V|3.99A,PASS|5.043V|3.99A,PASS|4.999V|3.99A,PASS|5.097V|3.99A,PASS|5.064V|3.99A,PASS|5.032V|3.99A,PASS|5.031V|3.99A,PASS|5.097V|3.99A,PASS|5.041V|3.99A,PASS|5.045V|3.99A,PASS|5.048V|3.99A,PASS|5.047V|3.99A,PASS|5.071V|3.99A,PASS|5.063V|3.99A,
<L4-09-02>,09:48:38,OK,OK,PASS|5.070V|3.99A,PASS|5.137V|3.99A,PASS|5.091V|3.99A,PASS|5.036V|3.99A,PASS|5.121V|3.99A,PASS|5.056V|3.99A,PASS|5.070V|3.99A,PASS|5.057V|3.99A,PASS|5.132V|3.99A,PASS|5.045V|3.99A,PASS|5.054V|3.99A,PASS|5.060V|3.99A,PASS|5.032V|3.99A,PASS|5.062V|3.99A,PASS|5.029V|3.99A,PASS|5.079V|3.99A,
<L4-10-01>,09:49:58,OK,OK,PASS|5.064V|4.00A,PASS|5.067V|4.00A,PASS|5.121V|4.00A,PASS|5.129V|4.00A,PASS|5.056V|4.00A,PASS|5.201V|4.00A,PASS|5.087V|4.00A,PASS|5.092V|4.00A,PASS|5.186V|4.00A,PASS|5.183V|4.00A,PASS|5.146V|4.00A,PASS|5.120V|4.00A,PASS|5.121V|4.00A,PASS|5.111V|4.00A,PASS|5.181V|4.00A,PASS|5.104V|4.00A,
<L4-10-02>,09:49:58,OK,OK,PASS|5.047V|3.99A,PASS|5.109V|3.99A,PASS|5.079V|3.99A,PASS|5.079V|3.99A,PASS|5.074V|3.99A,PASS|5.036V|3.99A,PASS|5.043V|3.99A,PASS|5.015V|3.99A,PASS|5.110V|3.99A,PASS|5.046V|3.99A,PASS|5.047V|3.99A,PASS|5.063V|3.99A,PASS|5.018V|3.99A,PASS|5.051V|3.99A,PASS|5.015V|3.99A,PASS|5.069V|3.99A,
<L5-01-01>,09:51:44,OK,OK,PASS|5.029V|4.00A,PASS|5.048V|4.00A,PASS|5.039V|4.00A,PASS|5.081V|4.00A,PASS|5.038V|4.00A,PASS|5.166V|4.00A,PASS|5.099V|4.00A,PASS|5.031V|4.00A,PASS|5.029V|4.00A,PASS|5.103V|4.00A,PASS|5.047V|4.00A,PASS|5.118V|4.00A,PASS|5.021V|4.00A,PASS|5.095V|4.00A,PASS|5.087V|4.00A,PASS|5.037V|4.00A,
<L5-01-02>,09:51:44,OK,OK,PASS|5.083V|3.99A,PASS|5.165V|3.99A,PASS|5.138V|3.99A,PASS|5.120V|3.99A,PASS|5.128V|3.99A,PASS|5.080V|3.99A,PASS|5.096V|3.99A,PASS|5.075V|3.99A,PASS|5.137V|3.99A,PASS|5.137V|3.99A,PASS|5.066V|3.99A,PASS|5.094V|3.99A,PASS|5.077V|3.99A,PASS|5.063V|3.99A,PASS|5.037V|3.99A,PASS|5.100V|3.99A,
<L5-02-01>,09:53:09,OK,OK,PASS|5.051V|3.99A,PASS|5.084V|3.99A,PASS|5.101V|3.99A,PASS|5.106V|3.99A,PASS|5.040V|3.99A,PASS|5.212V|3.99A,PASS|5.092V|3.99A,PASS|5.074V|3.99A,PASS|5.096V|3.99A,PASS|5.206V|3.99A,PASS|5.100V|3.99A,PASS|5.133V|3.99A,PASS|5.071V|3.99A,PASS|5.105V|3.99A,PASS|5.074V|3.99A,PASS|5.083V|3.99A,
<L5-02-02>,09:53:09,OK,OK,PASS|5.113V|3.99A,PASS|5.177V|3.99A,PASS|5.087V|3.99A,PASS|5.161V|3.99A,PASS|5.159V|3.99A,PASS|5.088V|3.99A,PASS|5.097V|3.99A,PASS|5.091V|3.99A,PASS|5.158V|3.99A,PASS|5.116V|3.99A,PASS|5.110V|3.99A,PASS|5.091V|3.99A,PASS|5.098V|3.99A,PASS|5.077V|3.99A,PASS|5.050V|3.99A,PASS|5.092V|3.99A,
<L5-03-01>,09:54:35,OK,OK,PASS|5.039V|4.00A,PASS|5.065V|4.00A,PASS|5.014V|4.00A,PASS|5.056V|4.00A,PASS|5.005V|4.00A,PASS|5.064V|4.00A,PASS|5.040V|4.00A,PASS|5.047V|4.00A,PASS|5.040V|4.00A,PASS|5.054V|4.00A,PASS|5.040V|4.00A,PASS|5.048V|4.00A,PASS|5.030V|4.00A,PASS|5.061V|4.00A,PASS|5.050V|4.00A,PASS|5.041V|4.00A,
<L5-03-02>,09:54:35,OK,OK,PASS|5.081V|3.99A,PASS|5.110V|3.99A,PASS|5.101V|3.99A,PASS|5.072V|3.99A,PASS|5.089V|3.99A,PASS|5.055V|3.99A,PASS|5.064V|3.99A,PASS|5.076V|3.99A,PASS|5.121V|3.99A,PASS|5.075V|3.99A,PASS|5.046V|3.99A,PASS|5.036V|3.99A,PASS|5.026V|3.99A,PASS|5.066V|3.99A,PASS|5.019V|3.99A,PASS|5.044V|3.99A,
<L5-04-01>,09:56:01,OK,OK,PASS|5.035V|3.99A,PASS|5.063V|3.99A,PASS|5.019V|3.99A,PASS|5.046V|3.99A,PASS|5.000V|3.99A,PASS|5.073V|3.99A,PASS|5.074V|3.99A,PASS|5.036V|3.99A,PASS|5.043V|3.99A,PASS|5.048V|3.99A,PASS|5.051V|3.99A,PASS|5.074V|3.99A,PASS|5.016V|3.99A,PASS|5.050V|3.99A,PASS|5.042V|3.99A,PASS|5.032V|3.99A,
<L5-04-02>,09:56:01,OK,OK,PASS|5.038V|4.00A,PASS|5.074V|4.00A,PASS|5.049V|4.00A,PASS|5.039V|4.00A,PASS|5.087V|4.00A,PASS|5.039V|4.00A,PASS|5.047V|4.00A,PASS|5.007V|4.00A,PASS|5.064V|4.00A,PASS|5.068V|4.00A,PASS|4.999V|4.00A,PASS|5.037V|4.00A,PASS|5.022V|4.00A,PASS|5.036V|4.00A,PASS|5.032V|4.00A,PASS|5.049V|4.00A,
<L5-05-01>,09:57:21,OK,OK,PASS|5.042V|3.99A,PASS|5.089V|3.99A,PASS|5.095V|3.99A,PASS|5.104V|3.99A,PASS|5.021V|3.99A,PASS|5.212V|3.99A,PASS|5.080V|3.99A,PASS|5.090V|3.99A,PASS|5.072V|3.99A,PASS|5.154V|3.99A,PASS|5.095V|3.99A,PASS|5.098V|3.99A,PASS|5.046V|3.99A,PASS|5.123V|3.99A,PASS|5.083V|3.99A,PASS|5.079V|3.99A,
<L5-05-02>,09:57:21,OK,OK,PASS|5.143V|3.99A,PASS|5.202V|3.99A,PASS|5.126V|3.99A,PASS|5.115V|3.99A,PASS|5.157V|3.99A,PASS|5.095V|3.99A,PASS|5.125V|3.99A,PASS|5.098V|3.99A,PASS|5.163V|3.99A,PASS|5.198V|3.99A,PASS|5.101V|3.99A,PASS|5.123V|3.99A,PASS|5.078V|3.99A,PASS|5.102V|3.99A,PASS|5.043V|3.99A,PASS|5.084V|3.99A,
<L5-06-01>,09:58:40,OK,OK,PASS|5.030V|3.99A,PASS|5.049V|3.99A,PASS|5.108V|3.99A,PASS|5.077V|3.99A,PASS|5.020V|3.99A,PASS|5.218V|3.99A,PASS|5.095V|3.99A,PASS|5.088V|3.99A,PASS|5.059V|3.99A,PASS|5.189V|3.99A,PASS|5.074V|3.99A,PASS|5.095V|3.99A,PASS|5.087V|3.99A,PASS|5.089V|3.99A,PASS|5.088V|3.99A,PASS|5.087V|3.99A,
<L5-06-02>,09:58:40,OK,OK,PASS|5.042V|3.99A,PASS|5.059V|3.99A,PASS|5.071V|3.99A,PASS|5.045V|3.99A,PASS|5.049V|3.99A,PASS|5.033V|3.99A,PASS|5.073V|3.99A,PASS|5.013V|3.99A,PASS|5.092V|3.99A,PASS|5.053V|3.99A,PASS|5.053V|3.99A,PASS|5.040V|3.99A,PASS|5.038V|3.99A,PASS|5.063V|3.99A,PASS|5.035V|3.99A,PASS|5.052V|3.99A,
<L5-07-01>,10:00:00,OK,OK,PASS|5.031V|4.00A,PASS|5.068V|4.00A,PASS|5.062V|4.00A,PASS|5.086V|4.00A,PASS|5.025V|4.00A,PASS|5.112V|4.00A,PASS|5.052V|4.00A,PASS|5.042V|4.00A,PASS|5.037V|4.00A,PASS|5.108V|4.00A,PASS|5.071V|4.00A,PASS|5.059V|4.00A,PASS|5.033V|4.00A,PASS|5.085V|4.00A,PASS|5.059V|4.00A,PASS|5.045V|4.00A,
<L5-07-02>,10:00:00,OK,NG,FAIL|0.000V|0.00A,FAIL|0.000V|0.00A,FAIL|0.000V|0.00A,FAIL|0.000V|0.00A,FAIL|0.000V|0.00A,FAIL|0.000V|0.00A,FAIL|0.000V|0.00A,FAIL|0.000V|0.00A,PASS|5.073V|3.99A,PASS|5.036V|3.99A,PASS|5.018V|3.99A,PASS|5.034V|3.99A,PASS|5.040V|3.99A,PASS|5.046V|3.99A,PASS|5.049V|3.99A,PASS|5.058V|3.99A,
<L5-08-01>,10:01:20,OK,OK,PASS|5.024V|4.00A,PASS|5.072V|4.00A,PASS|5.074V|4.00A,PASS|5.052V|4.00A,PASS|5.009V|4.00A,PASS|5.104V|4.00A,PASS|5.101V|4.00A,PASS|5.067V|4.00A,PASS|5.042V|4.00A,PASS|5.092V|4.00A,PASS|5.063V|4.00A,PASS|5.072V|4.00A,PASS|5.036V|4.00A,PASS|5.074V|4.00A,PASS|5.088V|4.00A,PASS|5.084V|4.00A,
<L5-08-02>,10:01:20,OK,OK,PASS|5.041V|3.99A,PASS|5.115V|3.99A,PASS|5.063V|3.99A,PASS|5.079V|3.99A,PASS|5.076V|3.99A,PASS|5.080V|3.99A,PASS|5.061V|3.99A,PASS|5.054V|3.99A,PASS|5.104V|3.99A,PASS|5.052V|3.99A,PASS|5.037V|3.99A,PASS|5.045V|3.99A,PASS|5.040V|3.99A,PASS|5.049V|3.99A,PASS|5.038V|3.99A,PASS|5.033V|3.99A,
<L5-09-01>,10:02:39,OK,OK,PASS|5.018V|4.00A,PASS|5.052V|4.00A,PASS|5.047V|4.00A,PASS|5.042V|4.00A,PASS|5.002V|4.00A,PASS|5.103V|4.00A,PASS|5.092V|4.00A,PASS|5.052V|4.00A,PASS|5.014V|4.00A,PASS|5.097V|4.00A,PASS|5.051V|4.00A,PASS|5.044V|4.00A,PASS|5.060V|4.00A,PASS|5.079V|4.00A,PASS|5.054V|4.00A,PASS|5.070V|4.00A,
<L5-09-02>,10:02:39,OK,OK,PASS|5.035V|4.00A,PASS|5.083V|4.00A,PASS|5.037V|4.00A,PASS|5.046V|4.00A,PASS|5.076V|4.00A,PASS|5.039V|4.00A,PASS|5.045V|4.00A,PASS|5.009V|4.00A,PASS|5.055V|4.00A,PASS|5.032V|4.00A,PASS|5.026V|4.00A,PASS|5.046V|4.00A,PASS|5.036V|4.00A,PASS|5.044V|4.00A,PASS|5.014V|4.00A,PASS|5.047V|4.00A,
<L5-10-01>,10:03:59,OK,OK,PASS|5.024V|4.00A,PASS|5.075V|4.00A,PASS|5.065V|4.00A,PASS|5.054V|4.00A,PASS|5.017V|4.00A,PASS|5.102V|4.00A,PASS|5.074V|4.00A,PASS|5.071V|4.00A,PASS|5.057V|4.00A,PASS|5.075V|4.00A,PASS|5.067V|4.00A,PASS|5.052V|4.00A,PASS|5.060V|4.00A,PASS|5.101V|4.00A,PASS|5.082V|4.00A,PASS|5.051V|4.00A,
<L5-10-02>,10:03:59,OK,OK,PASS|5.024V|4.00A,PASS|5.095V|4.00A,PASS|4.983V|4.00A,PASS|5.059V|4.00A,PASS|5.059V|4.00A,PASS|5.048V|4.00A,PASS|5.066V|4.00A,PASS|5.031V|4.00A,PASS|5.087V|4.00A,PASS|5.031V|4.00A,PASS|5.024V|4.00A,PASS|5.046V|4.00A,PASS|5.018V|4.00A,PASS|5.048V|4.00A,PASS|5.037V|4.00A,PASS|5.036V|4.00A,
<L6-01-01>,10:05:44,OK,OK,PASS|5.087V|3.99A,PASS|5.102V|3.99A,PASS|5.118V|3.99A,PASS|5.094V|3.99A,PASS|5.046V|3.99A,PASS|5.103V|3.99A,PASS|5.135V|3.99A,PASS|5.130V|3.99A,PASS|5.154V|3.99A,PASS|5.154V|3.99A,PASS|5.129V|3.99A,PASS|5.120V|3.99A,PASS|5.102V|3.99A,PASS|5.123V|3.99A,PASS|5.108V|3.99A,PASS|5.118V|3.99A,
<L6-01-02>,10:05:44,OK,OK,PASS|5.105V|3.99A,PASS|5.176V|3.99A,PASS|5.163V|3.99A,PASS|5.119V|3.99A,PASS|5.115V|3.99A,PASS|5.122V|3.99A,PASS|5.151V|3.99A,PASS|5.148V|3.99A,PASS|5.199V|3.99A,PASS|5.144V|3.99A,PASS|5.110V|3.99A,PASS|5.109V|3.99A,PASS|5.087V|3.99A,PASS|5.086V|3.99A,PASS|5.081V|3.99A,PASS|5.112V|3.99A,
<L6-02-01>,10:07:04,OK,OK,PASS|5.100V|3.99A,PASS|5.135V|3.99A,PASS|5.126V|3.99A,PASS|5.113V|3.99A,PASS|5.068V|3.99A,PASS|5.141V|3.99A,PASS|5.152V|3.99A,PASS|5.104V|3.99A,PASS|5.068V|3.99A,PASS|5.108V|3.99A,PASS|5.117V|3.99A,PASS|5.170V|3.99A,PASS|5.112V|3.99A,PASS|5.121V|3.99A,PASS|5.104V|3.99A,PASS|5.119V|3.99A,
<L6-02-02>,10:07:04,OK,NG,FAIL|0.000V|0.00A,FAIL|0.000V|0.00A,FAIL|0.000V|0.00A,FAIL|0.000V|0.00A,FAIL|0.000V|0.00A,FAIL|0.000V|0.00A,FAIL|0.000V|0.00A,FAIL|0.000V|0.00A,FAIL|0.000V|0.00A,FAIL|0.000V|0.00A,FAIL|0.000V|0.00A,FAIL|0.000V|0.00A,FAIL|0.000V|0.00A,FAIL|0.000V|0.00A,FAIL|0.000V|0.00A,FAIL|0.000V|0.00A,
<L6-03-01>,10:08:23,OK,OK,PASS|5.214V|3.99A,PASS|5.114V|3.99A,PASS|5.093V|3.99A,PASS|5.085V|3.99A,PASS|5.057V|3.99A,PASS|5.174V|3.99A,PASS|5.115V|3.99A,PASS|5.091V|3.99A,PASS|5.118V|3.99A,PASS|5.110V|3.99A,PASS|5.103V|3.99A,PASS|5.140V|3.99A,PASS|5.089V|3.99A,PASS|5.038V|3.99A,PASS|5.135V|3.99A,PASS|5.105V|3.99A,
<L6-03-02>,10:08:23,OK,OK,PASS|5.153V|4.00A,PASS|5.124V|4.00A,PASS|5.137V|4.00A,PASS|5.083V|4.00A,PASS|5.121V|4.00A,PASS|5.076V|4.00A,PASS|5.125V|4.00A,PASS|5.098V|4.00A,PASS|5.185V|4.00A,PASS|5.117V|4.00A,PASS|5.102V|4.00A,PASS|5.112V|4.00A,PASS|5.041V|4.00A,PASS|5.106V|4.00A,PASS|5.107V|4.00A,PASS|5.123V|4.00A,
<L6-04-01>,10:09:43,OK,OK,PASS|5.077V|3.99A,PASS|5.103V|3.99A,PASS|5.086V|3.99A,PASS|5.060V|3.99A,PASS|5.030V|3.99A,PASS|5.126V|3.99A,PASS|5.110V|3.99A,PASS|5.097V|3.99A,PASS|5.079V|3.99A,PASS|5.110V|3.99A,PASS|5.129V|3.99A,PASS|5.085V|3.99A,PASS|5.059V|3.99A,PASS|5.045V|3.99A,PASS|5.090V|3.99A,PASS|5.091V|3.99A,
<L6-04-02>,10:09:43,OK,OK,PASS|5.099V|3.99A,PASS|5.132V|3.99A,PASS|5.117V|3.99A,PASS|5.067V|3.99A,PASS|5.103V|3.99A,PASS|5.053V|3.99A,PASS|5.095V|3.99A,PASS|5.078V|3.99A,PASS|5.161V|3.99A,PASS|5.111V|3.99A,PASS|5.060V|3.99A,PASS|5.061V|3.99A,PASS|5.055V|3.99A,PASS|5.110V|3.99A,PASS|5.073V|3.99A,PASS|5.074V|3.99A,
<L6-05-01>,10:11:02,OK,OK,PASS|5.063V|3.99A,PASS|5.063V|3.99A,PASS|5.050V|3.99A,PASS|5.078V|3.99A,PASS|5.027V|3.99A,PASS|5.057V|3.99A,PASS|5.076V|3.99A,PASS|5.065V|3.99A,PASS|5.037V|3.99A,PASS|5.072V|3.99A,PASS|5.069V|3.99A,PASS|5.038V|3.99A,PASS|5.034V|3.99A,PASS|5.098V|3.99A,PASS|5.050V|3.99A,PASS|5.071V|3.99A,
<L6-05-02>,10:11:02,OK,OK,PASS|5.090V|3.99A,PASS|5.134V|3.99A,PASS|5.115V|3.99A,PASS|5.111V|3.99A,PASS|5.118V|3.99A,PASS|5.042V|3.99A,PASS|5.097V|3.99A,PASS|5.102V|3.99A,PASS|5.193V|3.99A,PASS|5.103V|3.99A,PASS|5.092V|3.99A,PASS|5.089V|3.99A,PASS|5.049V|3.99A,PASS|5.104V|3.99A,PASS|5.064V|3.99A,PASS|5.090V|3.99A,
<L6-06-01>,10:14:22,OK,OK,PASS|5.056V|3.99A,PASS|5.102V|3.99A,PASS|5.102V|3.99A,PASS|5.096V|3.99A,PASS|5.042V|3.99A,PASS|5.206V|3.99A,PASS|5.104V|3.99A,PASS|5.109V|3.99A,PASS|5.152V|3.99A,PASS|5.197V|3.99A,PASS|5.129V|3.99A,PASS|5.148V|3.99A,PASS|5.075V|3.99A,PASS|5.109V|3.99A,PASS|5.128V|3.99A,PASS|5.099V|3.99A,
<L6-06-02>,10:14:22,OK,OK,PASS|5.087V|3.99A,PASS|5.169V|3.99A,PASS|5.105V|3.99A,PASS|5.125V|3.99A,PASS|5.137V|3.99A,PASS|5.060V|3.99A,PASS|5.085V|3.99A,PASS|5.102V|3.99A,PASS|5.133V|3.99A,PASS|5.077V|3.99A,PASS|5.092V|3.99A,PASS|5.134V|3.99A,PASS|5.044V|3.99A,PASS|5.062V|3.99A,PASS|5.063V|3.99A,PASS|5.126V|3.99A,
<L6-07-01>,10:15:45,OK,OK,PASS|5.064V|3.99A,PASS|5.073V|3.99A,PASS|5.104V|3.99A,PASS|5.096V|3.99A,PASS|5.036V|3.99A,PASS|5.218V|3.99A,PASS|5.110V|3.99A,PASS|5.090V|3.99A,PASS|5.069V|3.99A,PASS|5.207V|3.99A,PASS|5.098V|3.99A,PASS|5.124V|3.99A,PASS|5.036V|3.99A,PASS|5.117V|3.99A,PASS|5.043V|3.99A,PASS|5.063V|3.99A,
<L6-07-02>,10:15:45,OK,OK,PASS|5.064V|3.99A,PASS|5.096V|3.99A,PASS|5.085V|3.99A,PASS|5.091V|3.99A,PASS|5.074V|3.99A,PASS|5.026V|3.99A,PASS|5.061V|3.99A,PASS|5.032V|3.99A,PASS|5.123V|3.99A,PASS|5.049V|3.99A,PASS|5.082V|3.99A,PASS|5.037V|3.99A,PASS|5.042V|3.99A,PASS|5.044V|3.99A,PASS|5.055V|3.99A,PASS|5.065V|3.99A,
<L6-08-01>,10:17:04,OK,OK,PASS|5.048V|3.99A,PASS|5.093V|3.99A,PASS|5.055V|3.99A,PASS|5.110V|3.99A,PASS|5.023V|3.99A,PASS|5.224V|3.99A,PASS|5.087V|3.99A,PASS|5.059V|3.99A,PASS|5.046V|3.99A,PASS|5.099V|3.99A,PASS|5.089V|3.99A,PASS|5.111V|3.99A,PASS|5.044V|3.99A,PASS|5.087V|3.99A,PASS|5.053V|3.99A,PASS|5.076V|3.99A,
<L6-08-02>,10:17:04,OK,OK,PASS|5.045V|3.99A,PASS|5.124V|3.99A,PASS|5.077V|3.99A,PASS|5.107V|3.99A,PASS|5.131V|3.99A,PASS|5.074V|3.99A,PASS|5.102V|3.99A,PASS|5.050V|3.99A,PASS|5.112V|3.99A,PASS|5.097V|3.99A,PASS|5.070V|3.99A,PASS|5.078V|3.99A,PASS|5.052V|3.99A,PASS|5.090V|3.99A,PASS|5.025V|3.99A,PASS|5.100V|3.99A,
<L6-09-01>,10:18:24,OK,OK,PASS|5.045V|4.00A,PASS|5.058V|4.00A,PASS|5.066V|4.00A,PASS|5.076V|4.00A,PASS|5.011V|4.00A,PASS|5.086V|4.00A,PASS|5.061V|4.00A,PASS|5.049V|4.00A,PASS|5.038V|4.00A,PASS|5.058V|4.00A,PASS|5.065V|4.00A,PASS|5.088V|4.00A,PASS|5.042V|4.00A,PASS|5.054V|4.00A,PASS|5.050V|4.00A,PASS|5.057V|4.00A,
<L6-09-02>,10:18:24,OK,OK,PASS|5.044V|4.00A,PASS|5.111V|4.00A,PASS|5.068V|4.00A,PASS|5.082V|4.00A,PASS|5.114V|4.00A,PASS|5.059V|4.00A,PASS|5.059V|4.00A,PASS|5.041V|4.00A,PASS|5.083V|4.00A,PASS|5.074V|4.00A,PASS|5.089V|4.00A,PASS|5.054V|4.00A,PASS|5.042V|4.00A,PASS|5.051V|4.00A,PASS|5.032V|4.00A,PASS|5.087V|4.00A,
<L6-10-01>,10:19:43,OK,OK,PASS|5.057V|3.99A,PASS|5.065V|3.99A,PASS|5.070V|3.99A,PASS|5.094V|3.99A,PASS|5.011V|3.99A,PASS|5.118V|3.99A,PASS|5.085V|3.99A,PASS|5.045V|3.99A,PASS|5.030V|3.99A,PASS|5.099V|3.99A,PASS|5.097V|3.99A,PASS|5.071V|3.99A,PASS|5.050V|3.99A,PASS|5.079V|3.99A,PASS|5.063V|3.99A,PASS|5.039V|3.99A,
<L6-10-02>,10:19:43,OK,OK,PASS|5.049V|3.99A,PASS|5.112V|3.99A,PASS|5.068V|3.99A,PASS|5.079V|3.99A,PASS|5.084V|3.99A,PASS|5.042V|3.99A,PASS|5.093V|3.99A,PASS|5.023V|3.99A,PASS|5.133V|3.99A,PASS|5.034V|3.99A,PASS|5.050V|3.99A,PASS|5.040V|3.99A,PASS|5.035V|3.99A,PASS|5.072V|3.99A,PASS|5.051V|3.99A,PASS|5.048V|3.99A,
<L7-01-01>,10:21:29,OK,OK,PASS|5.043V|4.00A,PASS|5.035V|4.00A,PASS|5.056V|4.00A,PASS|5.045V|4.00A,PASS|5.028V|4.00A,PASS|5.085V|4.00A,PASS|5.059V|4.00A,PASS|5.016V|4.00A,PASS|5.045V|4.00A,PASS|5.100V|4.00A,PASS|5.052V|4.00A,PASS|5.047V|4.00A,PASS|5.047V|4.00A,PASS|5.064V|4.00A,PASS|5.028V|4.00A,PASS|5.029V|4.00A,
<L7-01-02>,10:21:29,OK,OK,PASS|5.087V|4.00A,PASS|5.143V|4.00A,PASS|5.094V|4.00A,PASS|5.102V|4.00A,PASS|5.100V|4.00A,PASS|5.064V|4.00A,PASS|5.068V|4.00A,PASS|5.065V|4.00A,PASS|5.151V|4.00A,PASS|5.102V|4.00A,PASS|5.074V|4.00A,PASS|5.076V|4.00A,PASS|5.082V|4.00A,PASS|5.094V|4.00A,PASS|5.039V|4.00A,PASS|5.098V|4.00A,
<L7-02-01>,10:22:55,OK,OK,PASS|5.065V|4.00A,PASS|5.077V|4.00A,PASS|5.026V|4.00A,PASS|5.049V|4.00A,PASS|5.018V|4.00A,PASS|5.109V|4.00A,PASS|5.090V|4.00A,PASS|5.069V|4.00A,PASS|5.053V|4.00A,PASS|5.098V|4.00A,PASS|5.076V|4.00A,PASS|5.064V|4.00A,PASS|5.041V|4.00A,PASS|5.071V|4.00A,PASS|5.080V|4.00A,PASS|5.041V|4.00A,
<L7-02-02>,10:22:55,OK,OK,PASS|5.062V|4.00A,PASS|5.174V|4.00A,PASS|5.127V|4.00A,PASS|5.116V|4.00A,PASS|5.105V|4.00A,PASS|5.071V|4.00A,PASS|5.070V|4.00A,PASS|5.067V|4.00A,PASS|5.124V|4.00A,PASS|5.097V|4.00A,PASS|5.097V|4.00A,PASS|5.088V|4.00A,PASS|5.069V|4.00A,PASS|5.080V|4.00A,PASS|5.030V|4.00A,PASS|5.103V|4.00A,
<L7-03-01>,10:24:15,OK,OK,PASS|5.036V|4.00A,PASS|5.106V|4.00A,PASS|5.077V|4.00A,PASS|5.091V|4.00A,PASS|5.026V|4.00A,PASS|5.190V|4.00A,PASS|5.081V|4.00A,PASS|5.093V|4.00A,PASS|5.065V|4.00A,PASS|5.150V|4.00A,PASS|5.063V|4.00A,PASS|5.122V|4.00A,PASS|5.060V|4.00A,PASS|5.076V|4.00A,PASS|5.076V|4.00A,PASS|5.050V|4.00A,
<L7-03-02>,10:24:15,OK,OK,PASS|5.169V|3.99A,PASS|5.183V|3.99A,PASS|5.168V|3.99A,PASS|5.165V|3.99A,PASS|5.120V|3.99A,PASS|5.139V|3.99A,PASS|5.149V|3.99A,PASS|5.123V|3.99A,PASS|5.172V|3.99A,PASS|5.168V|3.99A,PASS|5.121V|3.99A,PASS|5.220V|3.99A,PASS|5.156V|3.99A,PASS|5.088V|3.99A,PASS|5.106V|3.99A,PASS|5.093V|3.99A,
<L7-04-01>,10:25:41,OK,OK,PASS|5.065V|4.00A,PASS|5.062V|4.00A,PASS|5.099V|4.00A,PASS|5.088V|4.00A,PASS|5.019V|4.00A,PASS|5.200V|4.00A,PASS|5.091V|4.00A,PASS|5.064V|4.00A,PASS|5.062V|4.00A,PASS|5.120V|4.00A,PASS|5.066V|4.00A,PASS|5.122V|4.00A,PASS|5.045V|4.00A,PASS|5.133V|4.00A,PASS|5.077V|4.00A,PASS|5.080V|4.00A,
<L7-04-02>,10:25:41,OK,OK,PASS|5.102V|3.99A,PASS|5.150V|3.99A,PASS|5.117V|3.99A,PASS|5.149V|3.99A,PASS|5.152V|3.99A,PASS|5.050V|3.99A,PASS|5.093V|3.99A,PASS|5.055V|3.99A,PASS|5.173V|3.99A,PASS|5.114V|3.99A,PASS|5.120V|3.99A,PASS|5.100V|3.99A,PASS|5.064V|3.99A,PASS|5.101V|3.99A,PASS|5.077V|3.99A,PASS|5.069V|3.99A,
<L7-05-01>,10:27:01,OK,OK,PASS|5.060V|4.00A,PASS|5.075V|4.00A,PASS|5.118V|4.00A,PASS|5.116V|4.00A,PASS|5.022V|4.00A,PASS|5.220V|4.00A,PASS|5.092V|4.00A,PASS|5.093V|4.00A,PASS|5.095V|4.00A,PASS|5.200V|4.00A,PASS|5.064V|4.00A,PASS|5.113V|4.00A,PASS|5.061V|4.00A,PASS|5.037V|4.00A,PASS|5.092V|4.00A,PASS|5.070V|4.00A,
<L7-05-02>,10:27:01,OK,OK,PASS|5.084V|3.99A,PASS|5.158V|3.99A,PASS|5.115V|3.99A,PASS|5.096V|3.99A,PASS|5.114V|3.99A,PASS|5.055V|3.99A,PASS|5.096V|3.99A,PASS|5.066V|3.99A,PASS|5.101V|3.99A,PASS|5.045V|3.99A,PASS|5.098V|3.99A,PASS|5.080V|3.99A,PASS|5.033V|3.99A,PASS|5.084V|3.99A,PASS|5.048V|3.99A,PASS|5.096V|3.99A,
<L7-06-01>,10:28:37,OK,OK,PASS|5.000V|3.99A,PASS|5.000V|3.99A,PASS|5.000V|3.99A,PASS|5.000V|3.99A,PASS|5.000V|3.99A,PASS|5.000V|3.99A,PASS|5.000V|3.99A,PASS|5.000V|3.99A,PASS|5.000V|3.99A,PASS|5.000V|3.99A,PASS|5.000V|3.99A,PASS|5.000V|3.99A,PASS|5.000V|3.99A,PASS|5.000V|3.99A,PASS|5.000V|3.99A,PASS|5.000V|3.99A,
<L7-06-02>,10:28:37,OK,NG,FAIL|5.104V|0.00A,FAIL|5.172V|0.00A,FAIL|5.155V|0.00A,FAIL|5.141V|0.00A,FAIL|5.138V|0.00A,FAIL|5.100V|0.00A,FAIL|5.088V|0.00A,FAIL|5.090V|0.00A,FAIL|5.126V|0.00A,FAIL|5.169V|0.00A,FAIL|5.075V|0.00A,FAIL|5.109V|0.00A,FAIL|5.089V|0.00A,FAIL|5.090V|0.00A,FAIL|5.055V|0.00A,FAIL|5.091V|0.00A,
<L7-07-01>,10:30:00,OK,NG,FAIL|0.000V|0.00A,FAIL|0.000V|0.00A,FAIL|0.000V|0.00A,FAIL|0.000V|0.00A,FAIL|0.000V|0.00A,FAIL|0.000V|0.00A,FAIL|0.000V|0.00A,FAIL|0.000V|0.00A,FAIL|0.021V|0.00A,FAIL|0.000V|0.00A,FAIL|0.000V|0.00A,FAIL|0.000V|0.00A,FAIL|0.000V|0.00A,FAIL|0.000V|0.00A,FAIL|0.000V|0.00A,FAIL|0.000V|0.00A,
<L7-07-02>,10:30:00,OK,NG,FAIL|5.086V|0.00A,FAIL|5.198V|0.00A,FAIL|5.092V|0.00A,FAIL|5.117V|0.00A,FAIL|5.157V|0.00A,FAIL|5.091V|0.00A,FAIL|5.097V|0.00A,FAIL|5.099V|0.00A,FAIL|5.133V|0.00A,FAIL|5.118V|0.00A,FAIL|5.107V|0.00A,FAIL|5.090V|0.00A,FAIL|5.079V|0.00A,FAIL|5.100V|0.00A,FAIL|5.047V|0.00A,FAIL|5.091V|0.00A,
<L7-08-01>,10:31:20,OK,OK,PASS|5.061V|4.00A,PASS|5.087V|4.00A,PASS|5.104V|4.00A,PASS|5.030V|4.00A,PASS|5.044V|4.00A,PASS|5.219V|4.00A,PASS|5.074V|4.00A,PASS|5.103V|4.00A,PASS|5.064V|4.00A,PASS|5.191V|4.00A,PASS|5.082V|4.00A,PASS|5.116V|4.00A,PASS|5.059V|4.00A,PASS|5.116V|4.00A,PASS|5.091V|4.00A,PASS|5.106V|4.00A,
<L7-08-02>,10:31:20,OK,OK,PASS|5.072V|3.99A,PASS|5.127V|3.99A,PASS|5.070V|3.99A,PASS|5.075V|3.99A,PASS|5.065V|3.99A,PASS|5.056V|3.99A,PASS|5.049V|3.99A,PASS|5.043V|3.99A,PASS|5.133V|3.99A,PASS|5.074V|3.99A,PASS|5.053V|3.99A,PASS|5.064V|3.99A,PASS|5.054V|3.99A,PASS|5.066V|3.99A,PASS|5.041V|3.99A,PASS|5.058V|3.99A,
<L7-09-01>,10:32:39,OK,OK,PASS|5.047V|4.00A,PASS|5.072V|4.00A,PASS|5.079V|4.00A,PASS|5.081V|4.00A,PASS|5.014V|4.00A,PASS|5.190V|4.00A,PASS|5.074V|4.00A,PASS|5.068V|4.00A,PASS|5.068V|4.00A,PASS|5.137V|4.00A,PASS|5.053V|4.00A,PASS|5.074V|4.00A,PASS|5.046V|4.00A,PASS|5.109V|4.00A,PASS|5.055V|4.00A,PASS|5.043V|4.00A,
<L7-09-02>,10:32:39,OK,OK,PASS|5.102V|4.00A,PASS|5.118V|4.00A,PASS|5.111V|4.00A,PASS|5.077V|4.00A,PASS|5.131V|4.00A,PASS|5.060V|4.00A,PASS|5.080V|4.00A,PASS|5.062V|4.00A,PASS|5.126V|4.00A,PASS|5.048V|4.00A,PASS|5.074V|4.00A,PASS|5.044V|4.00A,PASS|5.044V|4.00A,PASS|5.070V|4.00A,PASS|5.034V|4.00A,PASS|5.069V|4.00A,
<L7-10-01>,10:33:59,OK,OK,PASS|5.055V|3.99A,PASS|5.132V|3.99A,PASS|5.071V|3.99A,PASS|5.085V|3.99A,PASS|5.044V|3.99A,PASS|5.226V|3.99A,PASS|5.090V|3.99A,PASS|5.111V|3.99A,PASS|5.062V|3.99A,PASS|5.168V|3.99A,PASS|5.081V|3.99A,PASS|5.123V|3.99A,PASS|5.076V|3.99A,PASS|5.119V|3.99A,PASS|5.096V|3.99A,PASS|5.078V|3.99A,
<L7-10-02>,10:33:59,OK,OK,PASS|5.104V|3.99A,PASS|5.206V|3.99A,PASS|5.156V|3.99A,PASS|5.160V|3.99A,PASS|5.156V|3.99A,PASS|5.071V|3.99A,PASS|5.114V|3.99A,PASS|5.106V|3.99A,PASS|5.140V|3.99A,PASS|5.160V|3.99A,PASS|5.058V|3.99A,PASS|5.105V|3.99A,PASS|5.086V|3.99A,PASS|5.113V|3.99A,PASS|5.048V|3.99A,PASS|5.085V|3.99A,
<L8-01-01>,10:35:45,OK,OK,PASS|5.027V|3.99A,PASS|5.068V|3.99A,PASS|5.047V|3.99A,PASS|5.048V|3.99A,PASS|5.028V|3.99A,PASS|5.081V|3.99A,PASS|5.083V|3.99A,PASS|5.104V|3.99A,PASS|5.051V|3.99A,PASS|5.087V|3.99A,PASS|5.034V|3.99A,PASS|5.066V|3.99A,PASS|5.040V|3.99A,PASS|5.049V|3.99A,PASS|5.028V|3.99A,PASS|5.064V|3.99A,
<L8-01-02>,10:35:45,OK,OK,PASS|5.163V|3.99A,PASS|5.200V|3.99A,PASS|5.129V|3.99A,PASS|5.147V|3.99A,PASS|5.077V|3.99A,PASS|5.131V|3.99A,PASS|5.127V|3.99A,PASS|5.147V|3.99A,PASS|5.153V|3.99A,PASS|5.147V|3.99A,PASS|5.115V|3.99A,PASS|5.213V|3.99A,PASS|5.079V|3.99A,PASS|5.118V|3.99A,PASS|5.087V|3.99A,PASS|5.074V|3.99A,
<L8-02-01>,10:37:04,OK,OK,PASS|5.058V|3.99A,PASS|5.099V|3.99A,PASS|5.103V|3.99A,PASS|5.085V|3.99A,PASS|5.040V|3.99A,PASS|5.114V|3.99A,PASS|5.095V|3.99A,PASS|5.039V|3.99A,PASS|5.051V|3.99A,PASS|5.098V|3.99A,PASS|5.077V|3.99A,PASS|5.077V|3.99A,PASS|5.058V|3.99A,PASS|5.124V|3.99A,PASS|5.029V|3.99A,PASS|5.047V|3.99A,
<L8-02-02>,10:37:04,OK,OK,PASS|5.157V|3.99A,PASS|5.185V|3.99A,PASS|5.143V|3.99A,PASS|5.150V|3.99A,PASS|5.160V|3.99A,PASS|5.105V|3.99A,PASS|5.109V|3.99A,PASS|5.080V|3.99A,PASS|5.162V|3.99A,PASS|5.191V|3.99A,PASS|5.095V|3.99A,PASS|5.119V|3.99A,PASS|5.080V|3.99A,PASS|5.093V|3.99A,PASS|5.022V|3.99A,PASS|5.097V|3.99A,
<L8-03-01>,10:38:24,OK,OK,PASS|5.057V|4.00A,PASS|5.068V|4.00A,PASS|5.083V|4.00A,PASS|5.069V|4.00A,PASS|4.997V|4.00A,PASS|5.109V|4.00A,PASS|5.106V|4.00A,PASS|5.052V|4.00A,PASS|5.025V|4.00A,PASS|5.111V|4.00A,PASS|5.070V|4.00A,PASS|5.079V|4.00A,PASS|5.036V|4.00A,PASS|5.105V|4.00A,PASS|5.082V|4.00A,PASS|5.083V|4.00A,
<L8-03-02>,10:38:24,OK,OK,PASS|5.098V|4.00A,PASS|5.178V|4.00A,PASS|5.147V|4.00A,PASS|5.145V|4.00A,PASS|5.147V|4.00A,PASS|5.070V|4.00A,PASS|5.102V|4.00A,PASS|5.121V|4.00A,PASS|5.135V|4.00A,PASS|5.144V|4.00A,PASS|5.114V|4.00A,PASS|5.114V|4.00A,PASS|5.041V|4.00A,PASS|5.104V|4.00A,PASS|5.073V|4.00A,PASS|5.091V|4.00A,
<L8-04-01>,10:39:43,OK,OK,PASS|5.036V|3.99A,PASS|5.040V|3.99A,PASS|5.034V|3.99A,PASS|5.059V|3.99A,PASS|5.008V|3.99A,PASS|5.092V|3.99A,PASS|5.077V|3.99A,PASS|5.036V|3.99A,PASS|5.020V|3.99A,PASS|5.087V|3.99A,PASS|5.040V|3.99A,PASS|5.064V|3.99A,PASS|5.060V|3.99A,PASS|5.050V|3.99A,PASS|5.046V|3.99A,PASS|5.024V|3.99A,
<L8-04-02>,10:39:43,OK,OK,PASS|5.141V|3.99A,PASS|5.171V|3.99A,PASS|4.861V|3.99A,PASS|5.136V|3.99A,PASS|5.149V|3.99A,PASS|5.081V|3.99A,PASS|5.147V|3.99A,PASS|5.177V|3.99A,PASS|5.160V|3.99A,PASS|5.189V|3.99A,PASS|5.099V|3.99A,PASS|5.147V|3.99A,PASS|5.079V|3.99A,PASS|5.096V|3.99A,PASS|5.061V|3.99A,PASS|5.103V|3.99A,
<L8-05-01>,10:41:03,OK,NG,FAIL|0.000V|0.00A,FAIL|0.000V|0.00A,FAIL|0.000V|0.00A,FAIL|0.000V|0.00A,FAIL|0.000V|0.00A,FAIL|0.000V|0.00A,FAIL|0.000V|0.00A,FAIL|0.000V|0.00A,FAIL|0.000V|0.00A,FAIL|0.000V|0.00A,FAIL|0.000V|0.00A,FAIL|0.000V|0.00A,FAIL|0.000V|0.00A,FAIL|0.000V|0.00A,FAIL|0.000V|0.00A,FAIL|0.000V|0.00A,
<L8-05-02>,10:41:03,OK,NG,FAIL|5.088V|0.00A,FAIL|5.180V|0.00A,FAIL|5.121V|0.00A,FAIL|5.110V|0.00A,FAIL|5.116V|0.00A,FAIL|5.081V|0.00A,FAIL|5.108V|0.00A,FAIL|5.076V|0.00A,FAIL|5.135V|0.00A,FAIL|5.123V|0.00A,FAIL|5.097V|0.00A,FAIL|5.103V|0.00A,FAIL|5.093V|0.00A,FAIL|5.091V|0.00A,FAIL|5.029V|0.00A,FAIL|5.111V|0.00A,
<L8-06-01>,10:42:22,OK,OK,PASS|5.054V|3.99A,PASS|5.069V|3.99A,PASS|5.087V|3.99A,PASS|5.100V|3.99A,PASS|5.003V|3.99A,PASS|5.163V|3.99A,PASS|5.086V|3.99A,PASS|5.076V|3.99A,PASS|5.069V|3.99A,PASS|5.096V|3.99A,PASS|5.077V|3.99A,PASS|5.084V|3.99A,PASS|5.035V|3.99A,PASS|5.014V|3.99A,PASS|5.056V|3.99A,PASS|5.043V|3.99A,
<L8-06-02>,10:42:22,OK,OK,PASS|5.060V|3.99A,PASS|5.092V|3.99A,PASS|5.069V|3.99A,PASS|5.094V|3.99A,PASS|5.075V|3.99A,PASS|5.055V|3.99A,PASS|5.073V|3.99A,PASS|5.021V|3.99A,PASS|5.090V|3.99A,PASS|5.076V|3.99A,PASS|5.046V|3.99A,PASS|5.047V|3.99A,PASS|5.030V|3.99A,PASS|5.074V|3.99A,PASS|5.035V|3.99A,PASS|5.060V|3.99A,
<L8-07-01>,10:43:42,OK,OK,PASS|5.044V|3.99A,PASS|5.041V|3.99A,PASS|5.019V|3.99A,PASS|5.047V|3.99A,PASS|4.979V|3.99A,PASS|5.056V|3.99A,PASS|5.051V|3.99A,PASS|5.034V|3.99A,PASS|5.020V|3.99A,PASS|5.030V|3.99A,PASS|5.072V|3.99A,PASS|5.053V|3.99A,PASS|5.019V|3.99A,PASS|5.039V|3.99A,PASS|5.042V|3.99A,PASS|5.026V|3.99A,
<L8-07-02>,10:43:42,OK,OK,PASS|5.042V|3.99A,PASS|5.050V|3.99A,PASS|5.063V|3.99A,PASS|5.035V|3.99A,PASS|5.081V|3.99A,PASS|5.047V|3.99A,PASS|5.039V|3.99A,PASS|5.056V|3.99A,PASS|5.083V|3.99A,PASS|5.063V|3.99A,PASS|5.034V|3.99A,PASS|5.090V|3.99A,PASS|5.038V|3.99A,PASS|5.033V|3.99A,PASS|5.020V|3.99A,PASS|5.050V|3.99A,
<L8-08-01>,10:45:01,OK,OK,PASS|5.045V|3.99A,PASS|5.049V|3.99A,PASS|5.035V|3.99A,PASS|5.029V|3.99A,PASS|5.029V|3.99A,PASS|5.094V|3.99A,PASS|5.051V|3.99A,PASS|5.059V|3.99A,PASS|5.010V|3.99A,PASS|5.083V|3.99A,PASS|5.033V|3.99A,PASS|5.030V|3.99A,PASS|5.044V|3.99A,PASS|5.074V|3.99A,PASS|5.060V|3.99A,PASS|5.042V|3.99A,
<L8-08-02>,10:45:01,OK,OK,PASS|5.056V|3.99A,PASS|5.123V|3.99A,PASS|5.068V|3.99A,PASS|5.054V|3.99A,PASS|5.108V|3.99A,PASS|5.038V|3.99A,PASS|5.078V|3.99A,PASS|5.068V|3.99A,PASS|5.142V|3.99A,PASS|5.068V|3.99A,PASS|5.067V|3.99A,PASS|5.060V|3.99A,PASS|5.053V|3.99A,PASS|5.060V|3.99A,PASS|5.012V|3.99A,PASS|5.082V|3.99A,
<L8-09-01>,10:46:21,OK,OK,PASS|5.045V|3.99A,PASS|5.057V|3.99A,PASS|5.099V|3.99A,PASS|5.056V|3.99A,PASS|5.016V|3.99A,PASS|5.105V|3.99A,PASS|5.081V|3.99A,PASS|5.098V|3.99A,PASS|5.029V|3.99A,PASS|5.101V|3.99A,PASS|5.070V|3.99A,PASS|5.082V|3.99A,PASS|5.035V|3.99A,PASS|5.088V|3.99A,PASS|5.032V|3.99A,PASS|5.080V|3.99A,
<L8-09-02>,10:46:21,OK,OK,PASS|5.056V|4.00A,PASS|5.128V|4.00A,PASS|5.072V|4.00A,PASS|5.082V|4.00A,PASS|5.108V|4.00A,PASS|5.077V|4.00A,PASS|5.072V|4.00A,PASS|5.039V|4.00A,PASS|5.136V|4.00A,PASS|5.068V|4.00A,PASS|5.078V|4.00A,PASS|5.082V|4.00A,PASS|5.042V|4.00A,PASS|5.070V|4.00A,PASS|5.014V|4.00A,PASS|5.101V|4.00A,
<L8-10-01>,10:47:41,OK,NG,FAIL|0.000V|0.00A,FAIL|0.000V|0.00A,FAIL|0.000V|0.00A,FAIL|0.000V|0.00A,FAIL|0.000V|0.00A,FAIL|0.000V|0.00A,FAIL|0.000V|0.00A,FAIL|0.000V|0.00A,FAIL|0.000V|0.00A,FAIL|0.000V|0.00A,FAIL|0.000V|0.00A,FAIL|0.000V|0.00A,FAIL|0.000V|0.00A,FAIL|0.000V|0.00A,FAIL|0.000V|0.00A,FAIL|0.000V|0.00A,
<L8-10-02>,10:47:41,OK,NG,FAIL|5.086V|0.00A,FAIL|5.174V|0.00A,FAIL|5.147V|0.00A,FAIL|5.139V|0.00A,FAIL|5.127V|0.00A,FAIL|5.100V|0.00A,FAIL|5.110V|0.00A,FAIL|5.117V|0.00A,FAIL|5.136V|0.00A,FAIL|5.120V|0.00A,FAIL|5.089V|0.00A,FAIL|5.094V|0.00A,FAIL|5.035V|0.00A,FAIL|5.094V|0.00A,FAIL|5.047V|0.00A,FAIL|5.098V|0.00A,
<L9-01-01>,10:49:33,OK,OK,PASS|5.057V|3.99A,PASS|5.083V|3.99A,PASS|5.080V|3.99A,PASS|5.078V|3.99A,PASS|5.021V|3.99A,PASS|5.109V|3.99A,PASS|5.048V|3.99A,PASS|5.058V|3.99A,PASS|5.052V|3.99A,PASS|5.074V|3.99A,PASS|5.087V|3.99A,PASS|5.105V|3.99A,PASS|5.041V|3.99A,PASS|5.066V|3.99A,PASS|5.067V|3.99A,PASS|5.058V|3.99A,
<L9-01-02>,10:49:33,OK,OK,PASS|5.045V|4.00A,PASS|5.133V|4.00A,PASS|5.132V|4.00A,PASS|5.101V|4.00A,PASS|5.071V|4.00A,PASS|5.069V|4.00A,PASS|5.076V|4.00A,PASS|5.052V|4.00A,PASS|5.156V|4.00A,PASS|5.107V|4.00A,PASS|5.077V|4.00A,PASS|5.084V|4.00A,PASS|5.043V|4.00A,PASS|5.055V|4.00A,PASS|5.057V|4.00A,PASS|5.080V|4.00A,
<L9-02-01>,10:50:59,OK,OK,PASS|5.076V|3.99A,PASS|5.065V|3.99A,PASS|5.071V|3.99A,PASS|5.037V|3.99A,PASS|5.004V|3.99A,PASS|5.117V|3.99A,PASS|5.076V|3.99A,PASS|5.058V|3.99A,PASS|5.054V|3.99A,PASS|5.073V|3.99A,PASS|5.035V|3.99A,PASS|5.094V|3.99A,PASS|5.045V|3.99A,PASS|5.092V|3.99A,PASS|5.054V|3.99A,PASS|5.034V|3.99A,
<L9-02-02>,10:50:59,OK,OK,PASS|5.152V|3.99A,PASS|5.172V|3.99A,PASS|5.130V|3.99A,PASS|5.142V|3.99A,PASS|5.140V|3.99A,PASS|5.128V|3.99A,PASS|5.129V|3.99A,PASS|5.131V|3.99A,PASS|5.128V|3.99A,PASS|5.131V|3.99A,PASS|5.088V|3.99A,PASS|5.196V|3.99A,PASS|5.151V|3.99A,PASS|5.093V|3.99A,PASS|5.063V|3.99A,PASS|5.079V|3.99A,
<L9-03-01>,10:52:25,OK,OK,PASS|5.029V|3.99A,PASS|5.073V|3.99A,PASS|5.020V|3.99A,PASS|5.076V|3.99A,PASS|5.021V|3.99A,PASS|5.082V|3.99A,PASS|5.037V|3.99A,PASS|5.029V|3.99A,PASS|5.031V|3.99A,PASS|5.066V|3.99A,PASS|5.059V|3.99A,PASS|5.076V|3.99A,PASS|5.040V|3.99A,PASS|5.064V|3.99A,PASS|5.020V|3.99A,PASS|5.052V|3.99A,
<L9-03-02>,10:52:25,OK,OK,PASS|5.091V|3.99A,PASS|5.165V|3.99A,PASS|5.097V|3.99A,PASS|5.108V|3.99A,PASS|5.122V|3.99A,PASS|5.036V|3.99A,PASS|5.084V|3.99A,PASS|5.081V|3.99A,PASS|5.129V|3.99A,PASS|5.095V|3.99A,PASS|5.071V|3.99A,PASS|5.062V|3.99A,PASS|5.046V|3.99A,PASS|5.099V|3.99A,PASS|5.030V|3.99A,PASS|5.082V|3.99A,
<L9-04-01>,10:53:51,OK,OK,PASS|5.061V|4.00A,PASS|5.088V|4.00A,PASS|5.104V|4.00A,PASS|5.084V|4.00A,PASS|5.012V|4.00A,PASS|5.188V|4.00A,PASS|5.076V|4.00A,PASS|5.093V|4.00A,PASS|5.039V|4.00A,PASS|5.121V|4.00A,PASS|5.071V|4.00A,PASS|5.076V|4.00A,PASS|5.040V|4.00A,PASS|5.097V|4.00A,PASS|5.068V|4.00A,PASS|5.074V|4.00A,
<L9-04-02>,10:53:51,OK,NG,FAIL|0.000V|0.00A,FAIL|0.000V|0.00A,FAIL|0.000V|0.00A,FAIL|0.000V|0.00A,FAIL|0.000V|0.00A,FAIL|0.000V|0.00A,FAIL|0.000V|0.00A,FAIL|0.000V|0.00A,FAIL|0.000V|0.00A,FAIL|0.000V|0.00A,FAIL|0.000V|0.00A,FAIL|0.000V|0.00A,FAIL|0.000V|0.00A,FAIL|0.000V|0.00A,FAIL|0.000V|0.00A,FAIL|0.000V|0.00A,
<L9-05-01>,10:55:17,OK,OK,PASS|5.035V|4.00A,PASS|5.056V|4.00A,PASS|5.109V|4.00A,PASS|5.112V|4.00A,PASS|5.027V|4.00A,PASS|5.221V|4.00A,PASS|5.089V|4.00A,PASS|5.105V|4.00A,PASS|5.102V|4.00A,PASS|5.194V|4.00A,PASS|5.112V|4.00A,PASS|5.111V|4.00A,PASS|5.050V|4.00A,PASS|5.101V|4.00A,PASS|5.147V|4.00A,PASS|5.104V|4.00A,
<L9-05-02>,10:55:17,OK,OK,PASS|5.049V|4.00A,PASS|5.097V|4.00A,PASS|5.089V|4.00A,PASS|5.068V|4.00A,PASS|5.086V|4.00A,PASS|5.041V|4.00A,PASS|5.068V|4.00A,PASS|5.020V|4.00A,PASS|5.093V|4.00A,PASS|5.031V|4.00A,PASS|5.074V|4.00A,PASS|5.051V|4.00A,PASS|5.025V|4.00A,PASS|5.073V|4.00A,PASS|5.010V|4.00A,PASS|5.073V|4.00A,
<L9-06-01>,10:56:43,OK,OK,PASS|5.027V|4.00A,PASS|5.079V|4.00A,PASS|5.070V|4.00A,PASS|5.066V|4.00A,PASS|5.011V|4.00A,PASS|5.103V|4.00A,PASS|5.082V|4.00A,PASS|5.060V|4.00A,PASS|5.044V|4.00A,PASS|5.094V|4.00A,PASS|5.060V|4.00A,PASS|5.092V|4.00A,PASS|5.041V|4.00A,PASS|5.114V|4.00A,PASS|5.049V|4.00A,PASS|5.030V|4.00A,
<L9-06-02>,10:56:43,OK,OK,PASS|5.086V|4.00A,PASS|5.132V|4.00A,PASS|5.106V|4.00A,PASS|5.099V|4.00A,PASS|5.054V|4.00A,PASS|5.052V|4.00A,PASS|5.068V|4.00A,PASS|5.046V|4.00A,PASS|5.149V|4.00A,PASS|5.098V|4.00A,PASS|5.068V|4.00A,PASS|5.084V|4.00A,PASS|5.041V|4.00A,PASS|5.055V|4.00A,PASS|5.051V|4.00A,PASS|5.080V|4.00A,
<L9-08-01>,11:03:52,OK,OK,PASS|5.064V|4.00A,PASS|5.104V|4.00A,PASS|5.066V|4.00A,PASS|5.052V|4.00A,PASS|5.006V|4.00A,PASS|5.148V|4.00A,PASS|5.103V|4.00A,PASS|5.116V|4.00A,PASS|5.040V|4.00A,PASS|5.109V|4.00A,PASS|5.072V|4.00A,PASS|5.080V|4.00A,PASS|5.051V|4.00A,PASS|5.088V|4.00A,PASS|5.069V|4.00A,PASS|5.051V|4.00A,
<L9-08-02>,11:03:52,OK,OK,PASS|5.104V|4.00A,PASS|5.132V|4.00A,PASS|5.117V|4.00A,PASS|5.085V|4.00A,PASS|5.047V|4.00A,PASS|5.043V|4.00A,PASS|5.080V|4.00A,PASS|5.067V|4.00A,PASS|5.110V|4.00A,PASS|5.085V|4.00A,PASS|5.056V|4.00A,PASS|5.117V|4.00A,PASS|5.075V|4.00A,PASS|5.062V|4.00A,PASS|5.032V|4.00A,PASS|5.080V|4.00A,
<L9-09-01>,11:05:11,OK,OK,PASS|5.055V|3.99A,PASS|5.096V|3.99A,PASS|5.074V|3.99A,PASS|5.093V|3.99A,PASS|5.065V|3.99A,PASS|5.205V|3.99A,PASS|5.054V|3.99A,PASS|5.077V|3.99A,PASS|5.068V|3.99A,PASS|5.122V|3.99A,PASS|5.093V|3.99A,PASS|5.101V|3.99A,PASS|5.091V|3.99A,PASS|5.079V|3.99A,PASS|5.120V|3.99A,PASS|5.068V|3.99A,
<L9-09-02>,11:05:11,OK,OK,PASS|5.119V|3.99A,PASS|5.192V|3.99A,PASS|5.123V|3.99A,PASS|5.137V|3.99A,PASS|5.082V|3.99A,PASS|5.094V|3.99A,PASS|5.119V|3.99A,PASS|5.063V|3.99A,PASS|5.150V|3.99A,PASS|5.125V|3.99A,PASS|5.090V|3.99A,PASS|5.098V|3.99A,PASS|5.109V|3.99A,PASS|5.023V|3.99A,PASS|5.071V|3.99A,PASS|5.069V|3.99A,
<L9-10-01>,11:06:31,OK,OK,PASS|5.045V|3.99A,PASS|5.063V|3.99A,PASS|5.047V|3.99A,PASS|5.042V|3.99A,PASS|5.004V|3.99A,PASS|5.121V|3.99A,PASS|5.021V|3.99A,PASS|5.043V|3.99A,PASS|5.019V|3.99A,PASS|5.092V|3.99A,PASS|5.066V|3.99A,PASS|5.085V|3.99A,PASS|5.056V|3.99A,PASS|5.061V|3.99A,PASS|5.059V|3.99A,PASS|5.050V|3.99A,
<L9-10-02>,11:06:31,OK,OK,PASS|5.114V|4.00A,PASS|5.160V|4.00A,PASS|5.115V|4.00A,PASS|5.079V|4.00A,PASS|5.066V|4.00A,PASS|5.085V|4.00A,PASS|5.113V|4.00A,PASS|5.076V|4.00A,PASS|5.131V|4.00A,PASS|5.107V|4.00A,PASS|5.105V|4.00A,PASS|5.056V|4.00A,PASS|5.064V|4.00A,PASS|5.067V|4.00A,PASS|5.066V|4.00A,PASS|5.067V|4.00A,
<L10-01-01>,11:08:16,OK,OK,PASS|5.058V|4.00A,PASS|5.076V|4.00A,PASS|5.100V|4.00A,PASS|5.068V|4.00A,PASS|5.014V|4.00A,PASS|5.131V|4.00A,PASS|5.068V|4.00A,PASS|5.074V|4.00A,PASS|5.037V|4.00A,PASS|5.094V|4.00A,PASS|5.049V|4.00A,PASS|5.108V|4.00A,PASS|5.046V|4.00A,PASS|5.081V|4.00A,PASS|5.051V|4.00A,PASS|5.061V|4.00A,
<L10-01-02>,11:08:16,OK,OK,PASS|5.065V|3.99A,PASS|5.115V|3.99A,PASS|5.078V|3.99A,PASS|5.056V|3.99A,PASS|5.111V|3.99A,PASS|5.042V|3.99A,PASS|5.061V|3.99A,PASS|5.000V|3.99A,PASS|5.097V|3.99A,PASS|5.058V|3.99A,PASS|5.046V|3.99A,PASS|5.055V|3.99A,PASS|5.035V|3.99A,PASS|5.052V|3.99A,PASS|5.037V|3.99A,PASS|5.062V|3.99A,
<L10-02-01>,11:09:36,OK,OK,PASS|5.058V|4.00A,PASS|5.085V|4.00A,PASS|5.087V|4.00A,PASS|5.050V|4.00A,PASS|5.027V|4.00A,PASS|5.194V|4.00A,PASS|5.078V|4.00A,PASS|5.093V|4.00A,PASS|5.058V|4.00A,PASS|5.117V|4.00A,PASS|5.052V|4.00A,PASS|5.069V|4.00A,PASS|5.047V|4.00A,PASS|5.074V|4.00A,PASS|5.062V|4.00A,PASS|5.068V|4.00A,
<L10-02-02>,11:09:36,OK,OK,PASS|5.060V|3.99A,PASS|5.084V|3.99A,PASS|5.076V|3.99A,PASS|5.092V|3.99A,PASS|5.043V|3.99A,PASS|5.056V|3.99A,PASS|5.044V|3.99A,PASS|5.014V|3.99A,PASS|5.135V|3.99A,PASS|5.071V|3.99A,PASS|5.061V|3.99A,PASS|5.087V|3.99A,PASS|5.043V|3.99A,PASS|5.050V|3.99A,PASS|5.022V|3.99A,PASS|5.074V|3.99A,
<L10-03-01>,11:10:55,OK,OK,PASS|5.070V|4.00A,PASS|5.085V|4.00A,PASS|5.111V|4.00A,PASS|5.071V|4.00A,PASS|5.012V|4.00A,PASS|5.094V|4.00A,PASS|5.070V|4.00A,PASS|5.056V|4.00A,PASS|5.015V|4.00A,PASS|5.061V|4.00A,PASS|5.057V|4.00A,PASS|5.088V|4.00A,PASS|5.040V|4.00A,PASS|5.101V|4.00A,PASS|5.092V|4.00A,PASS|5.036V|4.00A,
<L10-03-02>,11:10:55,OK,OK,PASS|5.083V|3.99A,PASS|5.094V|3.99A,PASS|5.070V|3.99A,PASS|5.046V|3.99A,PASS|5.074V|3.99A,PASS|5.051V|3.99A,PASS|5.041V|3.99A,PASS|5.024V|3.99A,PASS|5.112V|3.99A,PASS|5.107V|3.99A,PASS|5.034V|3.99A,PASS|5.069V|3.99A,PASS|5.024V|3.99A,PASS|5.054V|3.99A,PASS|5.042V|3.99A,PASS|5.055V|3.99A,
<L10-04-01>,11:12:15,OK,OK,PASS|5.059V|3.99A,PASS|5.081V|3.99A,PASS|5.085V|3.99A,PASS|5.052V|3.99A,PASS|5.015V|3.99A,PASS|5.183V|3.99A,PASS|5.062V|3.99A,PASS|5.101V|3.99A,PASS|5.043V|3.99A,PASS|5.125V|3.99A,PASS|5.066V|3.99A,PASS|5.112V|3.99A,PASS|5.103V|3.99A,PASS|5.110V|3.99A,PASS|5.083V|3.99A,PASS|5.062V|3.99A,
<L10-04-02>,11:12:15,OK,OK,PASS|5.106V|4.00A,PASS|5.195V|4.00A,PASS|5.113V|4.00A,PASS|5.090V|4.00A,PASS|5.074V|4.00A,PASS|5.082V|4.00A,PASS|5.102V|4.00A,PASS|5.074V|4.00A,PASS|5.127V|4.00A,PASS|5.123V|4.00A,PASS|5.102V|4.00A,PASS|5.091V|4.00A,PASS|5.065V|4.00A,PASS|5.061V|4.00A,PASS|5.036V|4.00A,PASS|5.057V|4.00A,
<L10-06-01>,11:19:44,OK,OK,PASS|5.054V|3.99A,PASS|5.079V|3.99A,PASS|5.058V|3.99A,PASS|5.083V|3.99A,PASS|5.014V|3.99A,PASS|5.124V|3.99A,PASS|5.064V|3.99A,PASS|5.071V|3.99A,PASS|5.059V|3.99A,PASS|5.082V|3.99A,PASS|5.077V|3.99A,PASS|5.061V|3.99A,PASS|5.048V|3.99A,PASS|5.101V|3.99A,PASS|5.082V|3.99A,PASS|5.079V|3.99A,
<L10-06-02>,11:19:44,OK,OK,PASS|5.036V|4.00A,PASS|5.111V|4.00A,PASS|5.057V|4.00A,PASS|5.105V|4.00A,PASS|5.064V|4.00A,PASS|5.027V|4.00A,PASS|5.069V|4.00A,PASS|5.004V|4.00A,PASS|5.108V|4.00A,PASS|5.058V|4.00A,PASS|5.069V|4.00A,PASS|5.053V|4.00A,PASS|5.057V|4.00A,PASS|5.064V|4.00A,PASS|5.016V|4.00A,PASS|5.065V|4.00A,
<L10-07-01>,11:21:16,OK,OK,PASS|5.037V|4.00A,PASS|5.059V|4.00A,PASS|5.003V|4.00A,PASS|5.051V|4.00A,PASS|5.016V|4.00A,PASS|5.058V|4.00A,PASS|5.022V|4.00A,PASS|5.059V|4.00A,PASS|5.045V|4.00A,PASS|5.052V|4.00A,PASS|5.046V|4.00A,PASS|5.041V|4.00A,PASS|5.030V|4.00A,PASS|5.036V|4.00A,PASS|5.049V|4.00A,PASS|5.048V|4.00A,
<L10-07-02>,11:21:16,OK,OK,PASS|5.152V|3.99A,PASS|5.172V|3.99A,PASS|5.171V|3.99A,PASS|5.130V|3.99A,PASS|5.114V|3.99A,PASS|5.098V|3.99A,PASS|5.109V|3.99A,PASS|5.085V|3.99A,PASS|5.147V|3.99A,PASS|5.112V|3.99A,PASS|5.113V|3.99A,PASS|5.110V|3.99A,PASS|5.104V|3.99A,PASS|5.093V|3.99A,PASS|5.040V|3.99A,PASS|5.100V|3.99A,
<L10-08-01>,11:22:36,OK,OK,PASS|5.066V|3.99A,PASS|5.084V|3.99A,PASS|5.102V|3.99A,PASS|5.073V|3.99A,PASS|5.010V|3.99A,PASS|5.210V|3.99A,PASS|5.070V|3.99A,PASS|5.097V|3.99A,PASS|5.035V|3.99A,PASS|5.136V|3.99A,PASS|5.094V|3.99A,PASS|5.109V|3.99A,PASS|5.032V|3.99A,PASS|5.075V|3.99A,PASS|5.054V|3.99A,PASS|5.043V|3.99A,
<L10-08-02>,11:22:36,OK,OK,PASS|5.088V|4.00A,PASS|5.167V|4.00A,PASS|5.048V|4.00A,PASS|5.091V|4.00A,PASS|5.072V|4.00A,PASS|5.044V|4.00A,PASS|5.084V|4.00A,PASS|5.069V|4.00A,PASS|5.113V|4.00A,PASS|5.112V|4.00A,PASS|5.083V|4.00A,PASS|5.118V|4.00A,PASS|5.061V|4.00A,PASS|5.077V|4.00A,PASS|5.038V|4.00A,PASS|5.106V|4.00A,
<L10-09-01>,11:23:55,OK,OK,PASS|5.040V|3.99A,PASS|5.071V|3.99A,PASS|5.062V|3.99A,PASS|5.044V|3.99A,PASS|5.009V|3.99A,PASS|5.113V|3.99A,PASS|5.032V|3.99A,PASS|5.038V|3.99A,PASS|5.034V|3.99A,PASS|5.079V|3.99A,PASS|5.047V|3.99A,PASS|5.063V|3.99A,PASS|5.022V|3.99A,PASS|5.079V|3.99A,PASS|5.070V|3.99A,PASS|5.047V|3.99A,
<L10-09-02>,11:23:55,OK,OK,PASS|5.065V|3.99A,PASS|5.096V|3.99A,PASS|5.091V|3.99A,PASS|5.045V|3.99A,PASS|5.092V|3.99A,PASS|5.051V|3.99A,PASS|5.066V|3.99A,PASS|5.042V|3.99A,PASS|5.124V|3.99A,PASS|5.079V|3.99A,PASS|5.076V|3.99A,PASS|5.040V|3.99A,PASS|5.027V|3.99A,PASS|5.012V|3.99A,PASS|5.036V|3.99A,PASS|5.067V|3.99A,
<L10-10-01>,11:25:15,OK,OK,PASS|5.039V|3.99A,PASS|5.066V|3.99A,PASS|5.078V|3.99A,PASS|5.045V|3.99A,PASS|5.015V|3.99A,PASS|5.206V|3.99A,PASS|5.076V|3.99A,PASS|5.076V|3.99A,PASS|5.020V|3.99A,PASS|5.207V|3.99A,PASS|5.065V|3.99A,PASS|5.105V|3.99A,PASS|5.069V|3.99A,PASS|5.108V|3.99A,PASS|5.070V|3.99A,PASS|5.058V|3.99A,
<L10-10-02>,11:25:15,OK,OK,PASS|5.055V|3.99A,PASS|5.100V|3.99A,PASS|5.071V|3.99A,PASS|5.035V|3.99A,PASS|5.092V|3.99A,PASS|5.032V|3.99A,PASS|5.048V|3.99A,PASS|5.032V|3.99A,PASS|5.117V|3.99A,PASS|5.069V|3.99A,PASS|5.024V|3.99A,PASS|5.058V|3.99A,PASS|4.999V|3.99A,PASS|5.054V|3.99A,PASS|5.016V|3.99A,PASS|5.066V|3.99A,
<L10-10-01>,11:25:17,OK,OK,PASS|5.039V|3.99A,PASS|5.066V|3.99A,PASS|5.078V|3.99A,PASS|5.045V|3.99A,PASS|5.015V|3.99A,PASS|5.206V|3.99A,PASS|5.076V|3.99A,PASS|5.076V|3.99A,PASS|5.020V|3.99A,PASS|5.207V|3.99A,PASS|5.065V|3.99A,PASS|5.105V|3.99A,PASS|5.069V|3.99A,PASS|5.108V|3.99A,PASS|5.070V|3.99A,PASS|5.058V|3.99A,
<L10-10-02>,11:25:17,OK,OK,PASS|5.055V|3.99A,PASS|5.100V|3.99A,PASS|5.071V|3.99A,PASS|5.035V|3.99A,PASS|5.092V|3.99A,PASS|5.032V|3.99A,PASS|5.048V|3.99A,PASS|5.032V|3.99A,PASS|5.117V|3.99A,PASS|5.069V|3.99A,PASS|5.024V|3.99A,PASS|5.058V|3.99A,PASS|4.999V|3.99A,PASS|5.054V|3.99A,PASS|5.016V|3.99A,PASS|5.066V|3.99A,
<L10-10-01>,11:25:18,OK,OK,PASS|5.039V|3.99A,PASS|5.066V|3.99A,PASS|5.078V|3.99A,PASS|5.045V|3.99A,PASS|5.015V|3.99A,PASS|5.206V|3.99A,PASS|5.076V|3.99A,PASS|5.076V|3.99A,PASS|5.020V|3.99A,PASS|5.207V|3.99A,PASS|5.065V|3.99A,PASS|5.105V|3.99A,PASS|5.069V|3.99A,PASS|5.108V|3.99A,PASS|5.070V|3.99A,PASS|5.058V|3.99A,
<L10-10-02>,11:25:18,OK,OK,PASS|5.055V|3.99A,PASS|5.100V|3.99A,PASS|5.071V|3.99A,PASS|5.035V|3.99A,PASS|5.092V|3.99A,PASS|5.032V|3.99A,PASS|5.048V|3.99A,PASS|5.032V|3.99A,PASS|5.117V|3.99A,PASS|5.069V|3.99A,PASS|5.024V|3.99A,PASS|5.058V|3.99A,PASS|4.999V|3.99A,PASS|5.054V|3.99A,PASS|5.016V|3.99A,PASS|5.066V|3.99A,
<L10-10-01>,11:25:19,OK,OK,PASS|5.039V|3.99A,PASS|5.066V|3.99A,PASS|5.078V|3.99A,PASS|5.045V|3.99A,PASS|5.015V|3.99A,PASS|5.206V|3.99A,PASS|5.076V|3.99A,PASS|5.076V|3.99A,PASS|5.020V|3.99A,PASS|5.207V|3.99A,PASS|5.065V|3.99A,PASS|5.105V|3.99A,PASS|5.069V|3.99A,PASS|5.108V|3.99A,PASS|5.070V|3.99A,PASS|5.058V|3.99A,
<L10-10-02>,11:25:19,OK,OK,PASS|5.055V|3.99A,PASS|5.100V|3.99A,PASS|5.071V|3.99A,PASS|5.035V|3.99A,PASS|5.092V|3.99A,PASS|5.032V|3.99A,PASS|5.048V|3.99A,PASS|5.032V|3.99A,PASS|5.117V|3.99A,PASS|5.069V|3.99A,PASS|5.024V|3.99A,PASS|5.058V|3.99A,PASS|4.999V|3.99A,PASS|5.054V|3.99A,PASS|5.016V|3.99A,PASS|5.066V|3.99A,
<L10-10-01>,11:25:19,OK,OK,PASS|5.039V|3.99A,PASS|5.066V|3.99A,PASS|5.078V|3.99A,PASS|5.045V|3.99A,PASS|5.015V|3.99A,PASS|5.206V|3.99A,PASS|5.076V|3.99A,PASS|5.076V|3.99A,PASS|5.020V|3.99A,PASS|5.207V|3.99A,PASS|5.065V|3.99A,PASS|5.105V|3.99A,PASS|5.069V|3.99A,PASS|5.108V|3.99A,PASS|5.070V|3.99A,PASS|5.058V|3.99A,
<L10-10-02>,11:25:19,OK,OK,PASS|5.055V|3.99A,PASS|5.100V|3.99A,PASS|5.071V|3.99A,PASS|5.035V|3.99A,PASS|5.092V|3.99A,PASS|5.032V|3.99A,PASS|5.048V|3.99A,PASS|5.032V|3.99A,PASS|5.117V|3.99A,PASS|5.069V|3.99A,PASS|5.024V|3.99A,PASS|5.058V|3.99A,PASS|4.999V|3.99A,PASS|5.054V|3.99A,PASS|5.016V|3.99A,PASS|5.066V|3.99A,
<L10-10-01>,11:25:20,OK,OK,PASS|5.039V|3.99A,PASS|5.066V|3.99A,PASS|5.078V|3.99A,PASS|5.045V|3.99A,PASS|5.015V|3.99A,PASS|5.206V|3.99A,PASS|5.076V|3.99A,PASS|5.076V|3.99A,PASS|5.020V|3.99A,PASS|5.207V|3.99A,PASS|5.065V|3.99A,PASS|5.105V|3.99A,PASS|5.069V|3.99A,PASS|5.108V|3.99A,PASS|5.070V|3.99A,PASS|5.058V|3.99A,
<L10-10-02>,11:25:20,OK,OK,PASS|5.055V|3.99A,PASS|5.100V|3.99A,PASS|5.071V|3.99A,PASS|5.035V|3.99A,PASS|5.092V|3.99A,PASS|5.032V|3.99A,PASS|5.048V|3.99A,PASS|5.032V|3.99A,PASS|5.117V|3.99A,PASS|5.069V|3.99A,PASS|5.024V|3.99A,PASS|5.058V|3.99A,PASS|4.999V|3.99A,PASS|5.054V|3.99A,PASS|5.016V|3.99A,PASS|5.066V|3.99A,
<L10-10-01>,11:25:20,OK,OK,PASS|5.039V|3.99A,PASS|5.066V|3.99A,PASS|5.078V|3.99A,PASS|5.045V|3.99A,PASS|5.015V|3.99A,PASS|5.206V|3.99A,PASS|5.076V|3.99A,PASS|5.076V|3.99A,PASS|5.020V|3.99A,PASS|5.207V|3.99A,PASS|5.065V|3.99A,PASS|5.105V|3.99A,PASS|5.069V|3.99A,PASS|5.108V|3.99A,PASS|5.070V|3.99A,PASS|5.058V|3.99A,
<L10-10-02>,11:25:20,OK,OK,PASS|5.055V|3.99A,PASS|5.100V|3.99A,PASS|5.071V|3.99A,PASS|5.035V|3.99A,PASS|5.092V|3.99A,PASS|5.032V|3.99A,PASS|5.048V|3.99A,PASS|5.032V|3.99A,PASS|5.117V|3.99A,PASS|5.069V|3.99A,PASS|5.024V|3.99A,PASS|5.058V|3.99A,PASS|4.999V|3.99A,PASS|5.054V|3.99A,PASS|5.016V|3.99A,PASS|5.066V|3.99A,
<L10-10-01>,11:25:20,OK,OK,PASS|5.039V|3.99A,PASS|5.066V|3.99A,PASS|5.078V|3.99A,PASS|5.045V|3.99A,PASS|5.015V|3.99A,PASS|5.206V|3.99A,PASS|5.076V|3.99A,PASS|5.076V|3.99A,PASS|5.020V|3.99A,PASS|5.207V|3.99A,PASS|5.065V|3.99A,PASS|5.105V|3.99A,PASS|5.069V|3.99A,PASS|5.108V|3.99A,PASS|5.070V|3.99A,PASS|5.058V|3.99A,
<L10-10-02>,11:25:20,OK,OK,PASS|5.055V|3.99A,PASS|5.100V|3.99A,PASS|5.071V|3.99A,PASS|5.035V|3.99A,PASS|5.092V|3.99A,PASS|5.032V|3.99A,PASS|5.048V|3.99A,PASS|5.032V|3.99A,PASS|5.117V|3.99A,PASS|5.069V|3.99A,PASS|5.024V|3.99A,PASS|5.058V|3.99A,PASS|4.999V|3.99A,PASS|5.054V|3.99A,PASS|5.016V|3.99A,PASS|5.066V|3.99A,
<L10-10-01>,11:25:21,OK,OK,PASS|5.039V|3.99A,PASS|5.066V|3.99A,PASS|5.078V|3.99A,PASS|5.045V|3.99A,PASS|5.015V|3.99A,PASS|5.206V|3.99A,PASS|5.076V|3.99A,PASS|5.076V|3.99A,PASS|5.020V|3.99A,PASS|5.207V|3.99A,PASS|5.065V|3.99A,PASS|5.105V|3.99A,PASS|5.069V|3.99A,PASS|5.108V|3.99A,PASS|5.070V|3.99A,PASS|5.058V|3.99A,
<L10-10-02>,11:25:21,OK,OK,PASS|5.055V|3.99A,PASS|5.100V|3.99A,PASS|5.071V|3.99A,PASS|5.035V|3.99A,PASS|5.092V|3.99A,PASS|5.032V|3.99A,PASS|5.048V|3.99A,PASS|5.032V|3.99A,PASS|5.117V|3.99A,PASS|5.069V|3.99A,PASS|5.024V|3.99A,PASS|5.058V|3.99A,PASS|4.999V|3.99A,PASS|5.054V|3.99A,PASS|5.016V|3.99A,PASS|5.066V|3.99A,
<L10-10-01>,11:25:22,OK,OK,PASS|5.039V|3.99A,PASS|5.066V|3.99A,PASS|5.078V|3.99A,PASS|5.045V|3.99A,PASS|5.015V|3.99A,PASS|5.206V|3.99A,PASS|5.076V|3.99A,PASS|5.076V|3.99A,PASS|5.020V|3.99A,PASS|5.207V|3.99A,PASS|5.065V|3.99A,PASS|5.105V|3.99A,PASS|5.069V|3.99A,PASS|5.108V|3.99A,PASS|5.070V|3.99A,PASS|5.058V|3.99A,
<L10-10-02>,11:25:22,OK,OK,PASS|5.055V|3.99A,PASS|5.100V|3.99A,PASS|5.071V|3.99A,PASS|5.035V|3.99A,PASS|5.092V|3.99A,PASS|5.032V|3.99A,PASS|5.048V|3.99A,PASS|5.032V|3.99A,PASS|5.117V|3.99A,PASS|5.069V|3.99A,PASS|5.024V|3.99A,PASS|5.058V|3.99A,PASS|4.999V|3.99A,PASS|5.054V|3.99A,PASS|5.016V|3.99A,PASS|5.066V|3.99A,
<L10-10-01>,11:25:23,OK,OK,PASS|5.039V|3.99A,PASS|5.066V|3.99A,PASS|5.078V|3.99A,PASS|5.045V|3.99A,PASS|5.015V|3.99A,PASS|5.206V|3.99A,PASS|5.076V|3.99A,PASS|5.076V|3.99A,PASS|5.020V|3.99A,PASS|5.207V|3.99A,PASS|5.065V|3.99A,PASS|5.105V|3.99A,PASS|5.069V|3.99A,PASS|5.108V|3.99A,PASS|5.070V|3.99A,PASS|5.058V|3.99A,
<L10-10-02>,11:25:23,OK,OK,PASS|5.055V|3.99A,PASS|5.100V|3.99A,PASS|5.071V|3.99A,PASS|5.035V|3.99A,PASS|5.092V|3.99A,PASS|5.032V|3.99A,PASS|5.048V|3.99A,PASS|5.032V|3.99A,PASS|5.117V|3.99A,PASS|5.069V|3.99A,PASS|5.024V|3.99A,PASS|5.058V|3.99A,PASS|4.999V|3.99A,PASS|5.054V|3.99A,PASS|5.016V|3.99A,PASS|5.066V|3.99A,
<L10-10-01>,11:25:23,OK,OK,PASS|5.039V|3.99A,PASS|5.066V|3.99A,PASS|5.078V|3.99A,PASS|5.045V|3.99A,PASS|5.015V|3.99A,PASS|5.206V|3.99A,PASS|5.076V|3.99A,PASS|5.076V|3.99A,PASS|5.020V|3.99A,PASS|5.207V|3.99A,PASS|5.065V|3.99A,PASS|5.105V|3.99A,PASS|5.069V|3.99A,PASS|5.108V|3.99A,PASS|5.070V|3.99A,PASS|5.058V|3.99A,
<L10-10-02>,11:25:23,OK,OK,PASS|5.055V|3.99A,PASS|5.100V|3.99A,PASS|5.071V|3.99A,PASS|5.035V|3.99A,PASS|5.092V|3.99A,PASS|5.032V|3.99A,PASS|5.048V|3.99A,PASS|5.032V|3.99A,PASS|5.117V|3.99A,PASS|5.069V|3.99A,PASS|5.024V|3.99A,PASS|5.058V|3.99A,PASS|4.999V|3.99A,PASS|5.054V|3.99A,PASS|5.016V|3.99A,PASS|5.066V|3.99A,
<L10-10-01>,11:25:33,OK,OK,PASS|5.039V|3.99A,PASS|5.066V|3.99A,PASS|5.078V|3.99A,PASS|5.045V|3.99A,PASS|5.015V|3.99A,PASS|5.206V|3.99A,PASS|5.076V|3.99A,PASS|5.076V|3.99A,PASS|5.020V|3.99A,PASS|5.207V|3.99A,PASS|5.065V|3.99A,PASS|5.105V|3.99A,PASS|5.069V|3.99A,PASS|5.108V|3.99A,PASS|5.070V|3.99A,PASS|5.058V|3.99A,
<L10-10-02>,11:25:33,OK,OK,PASS|5.055V|3.99A,PASS|5.100V|3.99A,PASS|5.071V|3.99A,PASS|5.035V|3.99A,PASS|5.092V|3.99A,PASS|5.032V|3.99A,PASS|5.048V|3.99A,PASS|5.032V|3.99A,PASS|5.117V|3.99A,PASS|5.069V|3.99A,PASS|5.024V|3.99A,PASS|5.058V|3.99A,PASS|4.999V|3.99A,PASS|5.054V|3.99A,PASS|5.016V|3.99A,PASS|5.066V|3.99A,
<L10-10-01>,11:25:34,OK,OK,PASS|5.039V|3.99A,PASS|5.066V|3.99A,PASS|5.078V|3.99A,PASS|5.045V|3.99A,PASS|5.015V|3.99A,PASS|5.206V|3.99A,PASS|5.076V|3.99A,PASS|5.076V|3.99A,PASS|5.020V|3.99A,PASS|5.207V|3.99A,PASS|5.065V|3.99A,PASS|5.105V|3.99A,PASS|5.069V|3.99A,PASS|5.108V|3.99A,PASS|5.070V|3.99A,PASS|5.058V|3.99A,
<L10-10-02>,11:25:34,OK,OK,PASS|5.055V|3.99A,PASS|5.100V|3.99A,PASS|5.071V|3.99A,PASS|5.035V|3.99A,PASS|5.092V|3.99A,PASS|5.032V|3.99A,PASS|5.048V|3.99A,PASS|5.032V|3.99A,PASS|5.117V|3.99A,PASS|5.069V|3.99A,PASS|5.024V|3.99A,PASS|5.058V|3.99A,PASS|4.999V|3.99A,PASS|5.054V|3.99A,PASS|5.016V|3.99A,PASS|5.066V|3.99A,
<L10-10-01>,11:25:34,OK,OK,PASS|5.039V|3.99A,PASS|5.066V|3.99A,PASS|5.078V|3.99A,PASS|5.045V|3.99A,PASS|5.015V|3.99A,PASS|5.206V|3.99A,PASS|5.076V|3.99A,PASS|5.076V|3.99A,PASS|5.020V|3.99A,PASS|5.207V|3.99A,PASS|5.065V|3.99A,PASS|5.105V|3.99A,PASS|5.069V|3.99A,PASS|5.108V|3.99A,PASS|5.070V|3.99A,PASS|5.058V|3.99A,
<L10-10-02>,11:25:34,OK,OK,PASS|5.055V|3.99A,PASS|5.100V|3.99A,PASS|5.071V|3.99A,PASS|5.035V|3.99A,PASS|5.092V|3.99A,PASS|5.032V|3.99A,PASS|5.048V|3.99A,PASS|5.032V|3.99A,PASS|5.117V|3.99A,PASS|5.069V|3.99A,PASS|5.024V|3.99A,PASS|5.058V|3.99A,PASS|4.999V|3.99A,PASS|5.054V|3.99A,PASS|5.016V|3.99A,PASS|5.066V|3.99A,
<L10-10-01>,11:25:34,OK,OK,PASS|5.039V|3.99A,PASS|5.066V|3.99A,PASS|5.078V|3.99A,PASS|5.045V|3.99A,PASS|5.015V|3.99A,PASS|5.206V|3.99A,PASS|5.076V|3.99A,PASS|5.076V|3.99A,PASS|5.020V|3.99A,PASS|5.207V|3.99A,PASS|5.065V|3.99A,PASS|5.105V|3.99A,PASS|5.069V|3.99A,PASS|5.108V|3.99A,PASS|5.070V|3.99A,PASS|5.058V|3.99A,
<L10-10-02>,11:25:34,OK,OK,PASS|5.055V|3.99A,PASS|5.100V|3.99A,PASS|5.071V|3.99A,PASS|5.035V|3.99A,PASS|5.092V|3.99A,PASS|5.032V|3.99A,PASS|5.048V|3.99A,PASS|5.032V|3.99A,PASS|5.117V|3.99A,PASS|5.069V|3.99A,PASS|5.024V|3.99A,PASS|5.058V|3.99A,PASS|4.999V|3.99A,PASS|5.054V|3.99A,PASS|5.016V|3.99A,PASS|5.066V|3.99A,
<L10-10-01>,11:25:36,OK,OK,PASS|5.039V|3.99A,PASS|5.066V|3.99A,PASS|5.078V|3.99A,PASS|5.045V|3.99A,PASS|5.015V|3.99A,PASS|5.206V|3.99A,PASS|5.076V|3.99A,PASS|5.076V|3.99A,PASS|5.020V|3.99A,PASS|5.207V|3.99A,PASS|5.065V|3.99A,PASS|5.105V|3.99A,PASS|5.069V|3.99A,PASS|5.108V|3.99A,PASS|5.070V|3.99A,PASS|5.058V|3.99A,
<L10-10-02>,11:25:36,OK,OK,PASS|5.055V|3.99A,PASS|5.100V|3.99A,PASS|5.071V|3.99A,PASS|5.035V|3.99A,PASS|5.092V|3.99A,PASS|5.032V|3.99A,PASS|5.048V|3.99A,PASS|5.032V|3.99A,PASS|5.117V|3.99A,PASS|5.069V|3.99A,PASS|5.024V|3.99A,PASS|5.058V|3.99A,PASS|4.999V|3.99A,PASS|5.054V|3.99A,PASS|5.016V|3.99A,PASS|5.066V|3.99A,
